motif_str, TM_score_HT, alignment_length_HT, rmsd_HT, TM_score_SR, alignment_length_SR, rmsd_SR, TM_score_EL, alignment_length_EL, rmsd_EL, TM_score_TS, alignment_length_TS, rmsd_TS, TM_score_CL, alignment_length_CL, rmsd_CL, motif_family
4V88_A6:627-631_968-972,0.42275,10,1.76181292,0.31101,9,2.171401651,0.24771,10,2.675304322,0.33963,7,0.979961065,0.2238,6,2.045311084, E-loop
4UYK_R:86-90_111-115,0.23684,8,1.928360556,0.19022,4,1.895950125,0.37472,10,0.976245355,0.36498,8,1.728865353,0.14299,4,1.689190876, E-loop
3J7A_A:634-638_1037-1041,0.41376,10,1.563306195,0.28995,9,2.174979003,0.26814,9,2.112295251,0.34549,8,2.03318261,0.10599,4,1.470209781, E-loop
5J7L_DA:1357-1361_1370-1374,0.49917,10,1.494792119,0.26637,9,2.197010292,0.20216,9,2.412005136,0.30839,7,0.914642312,0.24174,3,1.135970741, E-loop
4Y4O_2A:1856-1860_1882-1886,0.27375,10,2.532216999,0.25253,9,2.507418886,0.31351,10,1.086203925,0.31648,8,1.250248739,0.16039,5,5.742446038, E-loop
4LFB_A:580-584_757-761,0.41375,10,1.631304507,0.22766,6,2.409753637,0.32547,10,1.972415936,0.35697,8,1.97631931,0.33721,7,2.116333226, E-loop
1MFQ_A:190-194_205-209,0.34754,9,1.668946098,0.32688,9,2.383507493,0.18514,10,1.871881452,0.32217,8,2.031698661,0.25487,3,1.512188522, E-loop
4IOA_X:24-29_521-526,0.16768,10,2.067114063,0.29241,6,1.458020455,0.32833,10,0.831798587,0.21986,8,3.775735335,0.1168,6,2.146824276, E-loop
3J7A_A:1059-1063_1079-1083,0.3526,10,1.82143523,0.33229,9,2.221312448,0.24764,10,2.425591483,0.33276,8,2.109775917,0.07426,4,1.568786356, E-loop
4LFB_A:779-783_799-803,0.35782,10,1.687632415,0.36634,9,2.140315878,0.29038,9,1.829405078,0.37816,8,2.051897602,0.16492,5,1.630781269, E-loop
4Y4O_2A:24-29_511-516,0.18073,10,2.132268413,0.28884,11,2.433400904,0.14432,12,1.851275801,0.20751,8,3.808490615,0.14022,4,1.447578295, E-loop
5OOL_A:2857-2860_2872-2875,0.2941,4,0.530938698,0.20762,7,1.255491087,0.19072,8,1.705367704,0.45975,8,0.764714001,0.29627,3,0.471680561, E-loop
4V5O_BA:968-972_988-992,0.35546,10,1.712309718,0.37481,9,2.128751822,0.22448,9,1.951611207,0.44579,7,0.904221698,0.06481,4,1.702277884, E-loop
4V9F_0:1542-1546_1639-1643,0.29207,9,1.790458975,0.38971,9,1.967472243,0.24956,10,1.634312084,0.34594,8,1.864531958,0.17535,6,1.965085359, E-loop
5J7L_DA:1474-1478_1513-1517,0.2599,9,1.792125883,0.21454,7,1.083077466,0.3363,9,2.62141128,0.36809,8,1.408660495,0.15782,4,1.551649341, E-loop
4Y4O_2A:1357-1361_1370-1374,0.41347,10,1.583492303,0.164,8,2.53278012,0.1796,5,3.238175518,0.33755,8,2.035220176,0.27511,4,0.794853621, E-loop
4V9F_0:21-26_517-522,0.20789,9,2.005316262,0.21599,8,1.738241057,0.30936,10,0.839341899,0.22892,8,3.847024999,0.14854,6,2.027726232, E-loop
4V5O_BA:621-625_946-950,0.35637,10,1.753405565,0.33996,9,2.01119408,0.20366,9,2.156506218,0.34692,7,0.825694942,0.20055,6,2.206268206, E-loop
5J7L_AA:779-783_799-803,0.41259,10,1.742282346,0.38334,9,6.823174243,0.2755,10,1.805980201,0.39144,8,2.004042843,0.07539,4,1.545841678, E-loop
5J7L_DA:24-29_511-516,0.1917,10,2.041620566,0.27797,6,1.324292697,0.33851,10,0.884237709,0.20065,8,3.767123377,0.26104,3,0.842416064, E-loop
3J7P_S2:676-680_1025-1029,0.26714,10,1.731407168,0.25139,9,2.224577354,0.29016,9,2.030236902,0.28678,7,1.029531916,0.17021,5,2.768069012, E-loop
4V88_A6:990-994_1010-1014,0.38999,10,1.82188212,0.39856,9,2.160781925,0.21143,10,2.473803023,0.43667,8,1.929351469,0.08107,4,1.512904449, E-loop
4V5O_BA:1649-1653_1672-1676,0.30869,10,2.339491656,0.22559,7,2.03037843,0.24533,10,1.265025265,0.38274,8,1.403507424,0.28902,3,0.421148307, E-loop
4WF9_X:747-752_769-775,0.28757,7,1.221354149,0.16678,11,2.722301798,0.81402,13,0.22311798,0.28982,8,1.929037588,0.23378,3,0.440211753, E-loop
4V9F_0:663-667_679-683,0.40936,10,2.110660177,0.14561,9,2.778081951,0.16083,10,2.022348905,0.16672,7,1.844556566,0.2818,3,1.576815262, E-loop
4V88_A6:1678-1682_1719-1723,0.3415,10,2.489242076,0.17046,7,1.253168507,0.31004,10,1.100279401,0.32731,8,1.237775879,0.19945,8,2.460682445, E-loop
5J7L_AA:580-584_757-761,0.43756,10,1.637575336,0.19721,8,1.641562083,0.25948,9,2.17588969,0.42879,7,0.798587879,0.25189,5,1.383525823, E-loop
4WF9_X:2494-2497_2507-2510,0.24382,4,0.75229353,0.29962,6,0.879028414,0.20606,8,1.534245264,0.36374,8,0.989398111,0.27876,6,1.381441791, E-loop
4WF9_X:649-653_663-667,0.37172,10,1.916125922,0.30721,8,7.254031807,0.28805,8,1.199316092,0.22738,8,2.001958201,0.11024,4,3.381781822, E-loop
2A64_A:347-351_378-382,0.28928,9,2.455307167,0.27507,9,2.328069717,0.25662,10,1.225173689,0.37165,8,1.27614912,0.23121,4,1.394141961, E-loop
2A64_A:284-288_297-301,0.3013,8,1.834868542,0.21177,7,2.38359731,0.28869,10,1.233639659,0.22561,8,1.379504686,0.18699,3,1.038049351, E-loop
5J7L_DA:1720-1724_1736-1740,0.28338,8,2.069201816,0.22819,10,2.206193299,0.44068,10,0.71694285,0.18752,7,1.619639424,0.15263,4,0.930521524, E-loop
4Y4O_2A:606-610_618-622,0.38916,9,1.656272464,0.1678,9,1.88071606,0.32952,10,1.544197742,0.37344,8,2.335148755,0.27371,4,0.591889021, E-loop
4YAZ_R:16-20_35-39,0.3618,10,2.288849521,0.37944,9,6.6924283,0.38735,10,2.040984378,0.33716,8,2.05299835,0.24079,4,0.803957904, E-loop
4V8P_D1:3189-3193_3217-3221,0.24584,10,2.08302379,0.2453,9,2.118536209,0.2763,10,1.558865958,0.19483,4,1.048394699,0.30396,3,0.287763365, E-loop
4IOA_X:616-620_629-633,0.38384,10,1.931313505,0.16031,9,2.807422014,0.35081,10,1.596378062,0.08224,4,1.523538585,0.20303,4,0.671494005, E-loop
3DHS_A:284-288_297-301,0.34544,8,1.894911338,0.23124,9,2.141789607,0.29578,10,1.160727415,0.22446,8,1.393767513,0.19905,3,0.915330629, E-loop
3MXH_R:22-26_41-45,0.41805,9,1.514180839,0.3027,4,0.750189847,0.20734,6,0.878912971,0.2264,7,1.60601042,0.18926,3,1.187970085, E-loop
3IWN_A:12-16_31-35,0.33227,9,1.520305679,0.3538,8,8.395102,0.34463,10,1.032870019,0.22071,4,1.000832811,0.16452,4,0.914560387, E-loop
5J7L_DA:606-610_618-622,0.40555,10,2.051064632,0.1813,10,2.022408731,0.27418,10,1.728553137,0.19101,7,1.794277358,0.29641,3,1.593040881, E-loop
4V9F_0:794-798_815-819,0.22696,9,2.180522862,0.14583,8,1.458828345,0.73061,10,0.238433634,0.27635,8,1.876014445,0.14853,5,2.466179399, E-loop
4Y4O_2A:702-707_724-730,0.1423,7,1.932234323,0.18354,9,2.153885006,0.78799,13,0.294333659,0.29428,8,1.86938148,0.20841,3,0.530457758, E-loop
4WF9_X:1394-1398_1407-1411,0.43245,10,1.524297765,0.37613,9,2.031851756,0.26591,5,1.112983386,0.32578,7,0.863487063,0.23099,7,2.463848504, E-loop
4IOA_X:1370-1374_1383-1387,0.32104,10,1.372932758,0.28242,9,2.17512548,0.14543,6,1.435093626,0.29816,8,1.93824782,0.21053,4,2.05141298, E-loop
4WF9_X:1883-1887_1909-1913,0.15619,9,2.668558013,0.26889,10,2.302645854,0.20479,10,1.404540748,0.35699,8,1.200240391,0.27029,6,2.311527938, E-loop
4V5O_BA:509-511_526-529,0.25643,5,1.58734734,0.33532,6,2.135265219,0.24843,3,0.360605115,0.26674,5,0.803344356,0.24436,7,2.014190616, E-loop
4V9F_0:705-709_719-723,0.34867,10,1.675193064,0.19425,9,2.223774714,0.32027,10,1.918413265,0.41112,8,1.658012125,0.2117,5,1.57010011, E-loop
4IOA_X:1848-1852_1865-1869,0.23465,9,2.389196288,0.26554,10,2.869427311,0.21142,10,1.349844181,0.25732,8,1.469867967,0.23688,6,1.461940372, E-loop
2XXA_F:31-37_62-66,0.3146,7,1.177062701,0.2423,11,2.86591162,0.18299,10,3.054431574,0.19978,4,1.519207867,0.13873,5,1.473660526, Hook-turn
5J7L_DA:998-1002_1153-1157,0.91587,10,0.134420944,0.21806,7,1.714495849,0.17446,5,2.050747758,0.14069,5,1.531497788,0.09736,5,2.411134793, Hook-turn
4V5O_BA:63-67_78-82,0.19769,5,1.069151197,0.21959,10,2.686948463,0.15653,8,2.128321493,0.20019,8,1.550277532,0.29011,7,2.187225862, Hook-turn
5MRC_A:924-928_1173-1177,0.63556,10,0.724058875,0.18424,8,1.85013248,0.2199,9,1.825346278,0.28293,7,2.070685461,0.08184,5,2.65279674, Hook-turn
5MRC_A:3074-3078_3099-3103,0.53116,10,0.819783176,0.27933,7,2.731209023,0.10843,6,2.354172617,0.27206,4,0.890139775,0.16838,5,1.768216019, Hook-turn
3J79_A:3487-3491_3512-3516,0.50993,10,0.762126533,0.21793,7,1.5575965,0.21765,9,2.607523324,0.29996,4,0.738824819,0.17213,5,1.525295076, Hook-turn
5J7L_DA:2738-2742_2762-2766,0.51996,10,0.747315107,0.24124,7,2.755545595,0.09387,6,2.419781419,0.31764,4,0.894345322,0.12577,4,1.483647047, Hook-turn
5J7L_DA:1417-1421_1577-1581,0.44077,10,0.968244427,0.26737,9,2.127426169,0.1865,5,1.019730872,0.20456,8,2.264752031,0.19011,4,4.531671083, Hook-turn
4V8P_D1:1558-1562_1610-1615,0.32586,10,1.109443601,0.17167,8,2.457237469,0.16508,4,0.979804084,0.28907,4,1.625777637,0.30139,3,0.57471252, Hook-turn
4V9F_0:1095-1099_1257-1261,0.58401,10,0.638926176,0.19818,8,2.31554627,0.21402,9,2.103671105,0.22856,4,0.846066833,0.14459,4,1.517400144, Hook-turn
4Y4O_2A:2738-2742_2762-2766,0.52225,10,0.832963198,0.26923,7,2.683136094,0.16313,4,1.04979838,0.24557,4,0.942261857,0.20415,7,2.098150736, Hook-turn
4IOA_X:1009-1013_1164-1168,0.87027,10,0.16119874,0.21458,7,1.672819088,0.18201,4,0.989474447,0.22716,6,1.944846136,0.0517,4,1.848634232, Hook-turn
3J79_A:1681-1685_1728-1733,0.32735,10,1.027846372,0.1773,8,2.364667717,0.17425,6,2.603351307,0.20847,4,1.614092706,0.28873,3,0.626683189, Hook-turn
4V8P_D1:3092-3096_3116-3120,0.4844,10,0.795016018,0.37974,9,6.811554165,0.2434,9,2.416078665,0.23179,8,2.256756169,0.1288,3,0.724535504, Hook-turn
3J7Q_5:2446-2450_2509-2514,0.30935,10,1.139154442,0.15972,7,2.314707762,0.13995,4,1.038204303,0.17904,6,3.066106611,0.20808,2,1.085118582, Hook-turn
5TBW_1:1532-1536_1585-1590,0.37083,10,1.129326768,0.17616,8,2.526945687,0.21958,7,1.806118047,0.26109,5,2.046661657,0.28625,3,0.61526024, Hook-turn
4IOA_X:2718-2722_2742-2746,0.51005,10,0.763564864,0.25532,6,1.77920199,0.1663,10,2.642405691,0.24988,4,0.900520643,0.08667,4,1.565165792, Hook-turn
3J79_A:1295-1299_1456-1460,0.60785,10,0.474670956,0.19994,8,2.213678274,0.15462,4,1.000054779,0.24498,4,0.850428088,0.21219,5,1.517374936, Hook-turn
4V9F_0:2773-2777_2797-2801,0.50786,10,0.785007211,0.20962,7,1.678640306,0.28517,7,1.146685001,0.28649,4,0.758929964,0.14664,5,1.686382638, Hook-turn
4V8P_D1:1194-1198_1355-1359,0.52285,10,0.497777217,0.29757,9,6.908525032,0.18988,6,1.899361234,0.30948,4,0.731803927,0.15495,4,1.499975504, Hook-turn
3IGI_A:70-74_113-117,0.38796,10,1.999178514,0.47069,9,6.618216864,0.32824,10,2.269099595,0.31609,8,2.654684546,0.133,3,1.043884055, Hook-turn
3J7Q_5:4681-4685_4705-4709,0.51385,10,0.883800925,0.1765,9,2.615832822,0.21356,10,2.447751098,0.21641,4,0.929294371,0.14361,5,3.186887286, Hook-turn
4V9F_0:1456-1460_1483-1489,0.33432,10,1.595622014,0.14946,8,2.007198239,0.17611,9,1.94891587,0.17695,7,2.378563897,0.13619,3,4.395072951, Hook-turn
5TBW_1:3103-3107_3127-3131,0.59778,10,0.680245198,0.34605,9,6.946947634,0.23876,10,3.051793193,0.25219,8,2.269993405,0.24083,3,1.033438688, Hook-turn
4V9F_0:2672-2676_2809-2817,0.2089,10,2.25368317,0.22776,9,2.506106521,0.21927,10,2.155651645,0.19035,6,1.205485213,0.26323,3,0.342646576, Hook-turn
4Y4O_2A:998-1002_1153-1157,0.90355,10,0.162562069,0.20246,7,1.73581952,0.1915,5,2.03562071,0.25503,4,0.892112276,0.24028,3,0.869105164, Hook-turn
4WF9_X:1891-1894_1901-1905,0.19189,9,2.030354669,0.25075,7,0.931711758,0.2946,5,0.872724611,0.29198,8,1.430851139,0.29403,3,1.450417636, Hook-turn
4V8P_D1:3195-3199_3212-3215,0.2966,9,2.194442322,0.20926,9,2.288609429,0.35004,9,1.359720148,0.21193,4,1.06263961,0.22899,3,1.54593289, Hook-turn
4Y4O_2A:1417-1421_1577-1581,0.49826,10,0.714731162,0.28475,9,2.538741563,0.17375,8,2.254407755,0.26425,6,1.114624575,0.11471,4,4.597165251, Hook-turn
4Y4O_2A:1351-1355_1376-1380,0.57242,10,0.5585114,0.22381,7,1.850715656,0.14167,5,1.865092367,0.16892,8,2.298434563,0.22669,4,1.357557772, Hook-turn
4IOA_X:1431-1435_1593-1597,0.32507,10,1.625883381,0.26902,9,2.510055929,0.25716,5,1.27945906,0.27019,7,1.42842558,0.29758,6,1.229709842, Hook-turn
4V9F_0:2724-2728_2754-2758,0.29213,9,1.466120783,0.2532,8,2.536799627,0.33026,10,2.399632127,0.31483,8,2.356382098,0.27192,3,0.941418677, Hook-turn
4Y4O_2A:1469-1473_1518-1523,0.38803,9,1.325140019,0.28981,4,0.721448338,0.32928,8,1.626304752,0.43045,6,0.801536452,0.25566,4,4.197712742, Hook-turn
5J7L_AA:409-416_427-433,0.20568,8,2.637817387,0.22135,11,2.141382349,0.08871,7,2.665202802,0.16025,8,3.020847226,0.20848,5,1.157473582, Sarcin-ricin
4V9F_0:2864-2869_2888-2892,0.18094,5,1.237446817,0.16154,4,0.929034122,0.24881,4,0.561010312,0.11934,5,1.264883411,0.06805,4,1.707506772, Sarcin-ricin
5MRC_A:279-285_293-298,0.30067,5,1.081138264,0.51372,13,0.68976657,0.24515,11,2.592346647,0.17863,4,1.625249318,0.11297,4,2.131769904, Sarcin-ricin
1NBS_B:138-143_165-171,0.19072,8,2.481872546,0.47323,13,0.874543099,0.27562,9,2.275593086,0.24408,6,1.243326865,0.21912,3,1.163068613, Sarcin-ricin
3D0U_A:20-27_60-66,0.19717,8,1.926656229,0.49527,13,0.953425553,0.16471,7,1.745093367,0.26584,6,4.434363027,0.21012,3,0.466411839, Sarcin-ricin
4V8P_C3:72-78_98-103,0.19044,9,7.391448055,0.47141,13,0.851066395,0.22521,7,2.173584346,0.294,8,2.04102522,0.14278,4,1.994906789, Sarcin-ricin
4IOA_X:165-170_179-185,0.22857,7,1.696039778,0.802,13,0.265082122,0.16987,8,1.571744448,0.17733,4,0.852104586,0.22651,7,3.200656099, Sarcin-ricin
4IOA_X:2822-2827_2840-2844,0.19983,4,1.565438745,0.18417,8,1.751639614,0.18,4,1.008830286,0.14848,6,1.758367808,0.08328,4,1.656000873, Sarcin-ricin
5TBW_1:32-37_46-52,0.17187,9,2.595864796,0.59183,13,0.5430854,0.17797,11,2.679496399,0.223,8,1.873549491,0.14391,4,2.064904939, Sarcin-ricin
3D2V_A:47-51_64-68,0.17058,3,1.662753645,0.18049,5,1.058193473,0.19427,4,1.444193899,0.17355,3,1.469539938,0.12381,5,2.748085218, Sarcin-ricin
5TBW_1:3332-3337_3367-3371,0.19701,7,2.78630931,0.16738,4,0.918319489,0.24665,3,0.310278804,0.20062,3,1.063276236,0.24971,3,1.567559531, Sarcin-ricin
5TBW_1:1444-1450_2354-2359,0.22772,8,8.674634367,0.51097,13,0.712405778,0.1944,11,2.668842496,0.24636,7,1.716142391,0.12428,4,1.764452746, Sarcin-ricin
3J79_A:3724-3729_3759-3763,0.18494,5,1.306481206,0.17262,5,2.686928806,0.24718,4,0.559151996,0.21687,5,2.611662714,0.15319,6,5.819132356, Sarcin-ricin
5J7L_DA:1263-1269_2011-2016,0.20676,8,1.801913907,0.50275,13,0.87184912,0.23542,8,1.751386107,0.26493,8,2.080628382,0.15313,4,1.939308101, Sarcin-ricin
5J7L_DA:2847-2852_2865-2869,0.18379,4,1.262872115,0.23551,8,2.039596138,0.30798,8,2.097083385,0.16052,5,1.255892536,0.16609,4,1.968669006, Sarcin-ricin
6GAW_BA:641-647_1006-1011,0.17487,8,1.82271874,0.49292,13,0.758465217,0.23472,11,2.677041297,0.23428,8,1.78555829,0.07633,4,1.716786051, Sarcin-ricin
3DIL_A:22-30_63-70,0.29061,9,9.182915687,0.44361,13,0.883725078,0.16805,6,1.288734738,0.11997,8,1.573442067,0.25436,6,1.738966468, Sarcin-ricin
2GDI_X:59-63_76-80,0.21682,3,1.246147574,0.20349,5,0.822854054,0.12817,6,2.009911498,0.1588,3,1.35667567,0.23415,3,1.616392699, Sarcin-ricin
3J79_B:72-78_98-103,0.21329,8,1.890788836,0.49439,13,0.724628447,0.21808,11,2.56865491,0.20232,4,1.710793814,0.233,6,1.624831538, Sarcin-ricin
5J7L_DA:239-245_253-258,0.18797,8,1.924925422,0.50633,13,0.680146938,0.25131,11,2.547663988,0.18813,4,1.589358031,0.1263,4,2.082254718, Sarcin-ricin
4V88_A6:1111-1118_1129-1134,0.24206,5,1.266689709,0.45795,13,0.749379821,0.17429,11,2.125891078,0.14452,6,1.195036486,0.13803,4,1.295063427, Sarcin-ricin
3J7Q_5:1522-1526_1648-1655,0.2227,4,1.63832096,0.14036,11,3.352721084,0.11135,12,3.332083517,0.16067,3,1.38235957,0.07705,4,1.783230951, Sarcin-ricin
3J7P_S2:1168-1175_1186-1191,0.18281,8,1.574655726,0.53922,13,0.773658615,0.20118,11,2.04658909,0.18349,6,1.118940421,0.13391,6,2.7753373, Sarcin-ricin
5MRC_A:1296-1302_1911-1916,0.24323,9,7.168492008,0.46397,13,0.829917569,0.19695,10,2.531712671,0.18627,7,2.452526822,0.07151,4,2.117152397, Sarcin-ricin
1UN6_F:73-78_98-102,0.32572,7,1.252845624,0.43678,11,0.725786468,0.23852,3,0.327256152,0.35457,8,2.205721941,0.1601,3,1.026250005, Sarcin-ricin
6GAW_BA:73-79_87-92,0.24329,6,2.995168059,0.60016,13,0.585703115,0.2396,11,2.654770891,0.1407,6,1.428258526,0.13787,4,2.016574533, Sarcin-ricin
3J7A_A:1212-1219_1230-1235,0.16873,8,1.540736972,0.5584,13,0.801746912,0.1349,9,2.804108931,0.17816,8,1.620707329,0.14765,4,1.03477984, Sarcin-ricin
4V9F_0:158-163_172-178,0.2542,7,1.634310385,0.84,13,0.236460228,0.17982,9,2.147755034,0.20425,8,1.598367857,0.18806,7,3.277078421, Sarcin-ricin
5TBW_1:82-89_97-103,0.1548,6,1.617163629,0.49599,13,0.684425783,0.20907,13,2.454381837,0.05935,4,1.791789732,0.15653,7,2.249575553, Sarcin-ricin
4LFB_A:409-416_427-433,0.15836,9,2.48305969,0.2139,11,2.72041684,0.14636,12,3.664948562,0.11006,4,1.806100794,0.19748,3,1.41147602, Sarcin-ricin
4V9F_0:291-295_356-361,0.23856,7,1.729416046,0.42331,11,0.947245346,0.15922,5,1.364362305,0.21154,4,1.006022271,0.2031,3,1.022780088, Sarcin-ricin
4LCK_F:16-23_83-90,0.26092,8,8.737547735,0.37649,13,1.496158226,0.14984,10,2.156200673,0.16558,6,4.536641324,0.12004,4,1.90359962, Sarcin-ricin
5J7L_DA:1712-1718_1742-1746,0.36795,8,2.264188559,0.3168,6,4.726474508,0.28236,10,2.176477664,0.31986,6,4.555696707,0.18737,3,1.414615602, Sarcin-ricin
5OOL_A:2307-2313_2674-2679,0.21638,8,1.792073763,0.54546,13,0.592924563,0.24857,11,2.612790318,0.2731,8,2.075230586,0.08691,4,1.62103549, Sarcin-ricin
4V9F_0:1367-1373_2052-2057,0.19426,8,1.777372597,0.46388,13,0.757038908,0.22387,11,2.402392517,0.17943,8,2.511512528,0.10665,5,3.283741384, Sarcin-ricin
5J7L_AA:887-894_905-910,0.17634,9,7.674311278,0.53101,13,0.881464361,0.15999,8,2.215163412,0.18942,6,1.054127686,0.18485,3,0.995259861, Sarcin-ricin
4MGN_A:14-23_81-91,0.14264,5,0.617218058,0.1554,7,0.866276899,0.13625,4,0.639517862,0.18439,3,1.042270075,0.09287,4,2.237502159, Sarcin-ricin
5MRC_A:228-233_242-248,0.2256,5,1.683439845,0.8082,13,0.282360454,0.16962,9,2.097243077,0.21146,4,0.735236609,0.17697,7,3.223525776, Sarcin-ricin
4V8P_D1:30-35_44-50,0.27545,7,2.569987608,0.52608,13,0.582420095,0.16574,11,2.358306491,0.17461,8,1.875546517,0.19802,3,0.936709493, Sarcin-ricin
4Y4O_2A:239-245_253-258,0.18744,8,2.128555354,0.5509,13,0.523526526,0.23964,11,2.599164602,0.29379,7,1.275556674,0.21152,6,1.623505946, Sarcin-ricin
3J79_A:32-37_46-52,0.26922,7,2.56344478,0.60657,13,0.549601533,0.18381,11,2.457435922,0.22338,4,0.791088463,0.18662,4,2.07008579, Sarcin-ricin
3IGI_A:296-303_316-321,0.26569,8,8.641276474,0.425,12,1.346250057,0.169,12,3.18728884,0.27748,8,2.139231874,0.18095,6,1.569515529, Sarcin-ricin
5J7L_DA:188-193_202-208,0.2214,7,1.702089086,0.8632,13,0.197742195,0.17781,9,2.117045264,0.18854,8,1.921023897,0.19651,7,3.183259239, Sarcin-ricin
5OOL_A:1739-1745_1753-1758,0.24316,5,1.129883124,0.53902,13,0.564155953,0.23335,11,2.603912244,0.19316,4,1.565985571,0.11709,4,1.565847797, Sarcin-ricin
4V8P_D1:1470-1476_2349-2354,0.25212,8,8.697960172,0.46952,13,0.77862306,0.17759,11,2.669216569,0.21976,7,1.728125166,0.17475,6,1.727003057, Sarcin-ricin
4V9F_0:210-216_224-229,0.28769,8,8.568941773,0.55515,13,0.592601363,0.23739,11,2.466662465,0.12737,4,1.635143568,0.21189,3,1.058966384, Sarcin-ricin
4V8P_D1:830-834_956-963,0.17854,9,1.832726467,0.14992,9,2.584167328,0.09378,12,3.447128656,0.04454,4,2.875530821,0.11822,4,1.678021863, Sarcin-ricin
4V9F_9:75-81_101-106,0.21381,8,1.88230822,0.54024,13,0.907332759,0.25057,11,2.637459765,0.24431,7,1.194819227,0.10244,4,2.203402458, Sarcin-ricin
3J79_A:82-89_97-103,0.28586,8,8.495398404,0.53012,13,0.556911233,0.1953,9,2.637567486,0.22624,7,1.526334539,0.16175,5,1.366116862, Sarcin-ricin
3J79_A:1593-1599_2647-2652,0.205,8,2.068851723,0.47574,13,0.628747366,0.20492,11,2.760892491,0.17619,6,1.58436435,0.1419,5,2.121466859, Sarcin-ricin
4V8P_D1:81-87_95-100,0.14238,8,2.122060124,0.57968,13,0.603374487,0.27821,10,6.865567609,0.17159,7,1.906653944,0.12784,4,2.016103693, Sarcin-ricin
5TBW_AS:72-80_100-106,0.26748,5,0.697619873,0.43474,13,0.857149068,0.23708,11,2.626985394,0.16648,4,0.66847176,0.16316,5,1.365610456, Sarcin-ricin
3J7O_7:71-78_98-104,0.17874,9,2.587296193,0.44043,13,0.705524764,0.18618,9,1.420742292,0.15173,7,1.536199927,0.16678,4,1.487260422, Sarcin-ricin
4IOA_X:216-222_230-235,0.30583,8,8.605005024,0.51883,13,0.552902304,0.17724,11,2.538510679,0.2596,3,1.206956833,0.09949,4,1.715322192, Sarcin-ricin
4IOA_X:1276-1282_1994-1999,0.20443,8,1.832751385,0.49277,13,0.821773974,0.11467,8,1.906534523,0.35034,8,2.018192515,0.1694,4,1.995389555, Sarcin-ricin
4V5O_BA:1083-1090_1102-1107,0.26114,10,2.301051756,0.46407,13,1.061361948,0.20093,11,3.10051797,0.16335,6,1.198481257,0.16061,4,3.824543883, Sarcin-ricin
4LFB_A:887-894_905-910,0.164,8,1.478446828,0.47315,13,0.796891866,0.18495,6,1.320190119,0.13908,6,1.263263696,0.12351,7,5.727774818, Sarcin-ricin
3J7Q_5:31-37_44-51,0.22253,7,2.640602316,0.46137,13,0.592490805,0.2206,10,1.960470826,0.1563,4,0.87242807,0.15367,4,1.357676852, Sarcin-ricin
5J7L_DA:674-678_799-806,0.22128,5,2.523611784,0.13761,9,2.095177866,0.13377,9,2.73368517,0.12939,4,1.816119165,0.17869,5,1.581443082, Sarcin-ricin
4LFB_A:446-450_483-488,0.2054,8,2.148464693,0.41591,11,1.204779787,0.12315,4,1.510177632,0.3555,4,0.816702751,0.13813,4,1.857708708, Sarcin-ricin
4Y4O_2A:2653-2658_2663-2667,0.21743,7,2.394768145,0.42266,11,0.96345163,0.11912,4,1.534832541,0.30735,6,1.419070536,0.11623,5,3.129450806, Sarcin-ricin
4V9F_0:2689-2695_2700-2705,0.34593,8,8.449864387,0.53109,13,0.871192911,0.24277,9,1.754101625,0.25055,8,2.116015918,0.15756,5,3.119972852, Sarcin-ricin
4V9F_0:567-571_586-591,0.35736,8,1.757038725,0.47152,11,0.817980926,0.12842,7,2.454906507,0.22629,4,0.955060535,0.16995,6,1.561448812, Sarcin-ricin
5J7L_DA:2653-2658_2663-2667,0.34269,7,1.197510283,0.43114,11,0.837654857,0.16673,8,1.886362237,0.28531,8,2.294166748,0.21663,3,0.939089002, Sarcin-ricin
4V9F_0:765-769_892-899,0.15615,4,1.523948654,0.13208,11,2.49202822,0.18523,7,1.666267683,0.04987,4,1.389327313,0.08312,4,1.597291967, Sarcin-ricin
4Y4O_2A:2847-2852_2865-2869,0.2352,5,1.012144591,0.2169,7,1.438086159,0.15465,6,1.706344144,0.18342,5,1.204278808,0.0817,4,1.596213686, Sarcin-ricin
4WF9_X:2867-2872_2885-2889,0.20579,4,1.396827684,0.15946,8,1.84078027,0.25581,8,1.971272364,0.20136,5,1.218625603,0.21514,3,1.30998569, Sarcin-ricin
4IOA_X:687-691_812-819,0.08831,6,3.578248804,0.12619,10,2.345888869,0.17029,5,1.902611373,0.04012,4,2.890679642,0.09729,4,1.770867735, Sarcin-ricin
4WF9_X:719-723_844-851,0.1728,4,1.567209415,0.13886,9,2.094895099,0.12361,9,2.694035788,0.14305,4,1.868451963,0.10605,4,1.687217101, Sarcin-ricin
4IOA_X:2632-2637_2642-2646,0.31374,8,8.387021766,0.44246,11,0.787276578,0.12621,9,2.672689764,0.25701,8,2.261195475,0.08188,4,1.261036119, Sarcin-ricin
4Y4O_2A:674-678_799-806,0.2248,5,2.516924463,0.15224,10,1.871803191,0.0557,4,1.94191012,0.14571,4,1.874015174,0.19663,7,4.353467866, Sarcin-ricin
4WF9_X:2680-2685_2690-2694,0.27618,8,8.431902551,0.40636,11,0.94595365,0.14427,8,1.768220338,0.3328,8,2.309049461,0.18554,7,3.052225278, Sarcin-ricin
3K0J_E:59-63_76-80,0.14922,5,2.535418939,0.11106,5,1.180911018,0.17339,4,1.642583318,0.09844,4,1.752318843,0.25538,3,1.985590577, Sarcin-ricin
4V9F_0:1147-1154_1213-1216,0.29207,8,2.076256359,0.16602,5,1.651950166,0.2493,10,2.764323376,0.21841,8,2.087541894,0.13229,4,1.830348681, Kink-turn
4V8P_D1:1414-1421_1441-1445,0.33186,8,7.411449896,0.19808,5,1.831144195,0.46613,10,2.202331763,0.31873,8,1.36509546,0.19955,4,1.4236867, Kink-turn
4C4W_H:3-7_26-33,0.25692,9,2.748090959,0.25219,9,1.907676952,0.33626,10,2.274673527,0.2347,7,2.015101931,0.17551,7,2.352639007, Kink-turn
5TBW_1:1388-1395_1415-1419,0.29985,8,7.343667583,0.17203,5,1.987074583,0.37468,10,2.356308641,0.27143,6,0.67879096,0.17229,3,1.516138329, Kink-turn
3Q3Z_V:16-22_55-58,0.20672,4,1.640765278,0.20202,4,1.44828014,0.14469,5,2.345081205,0.29019,6,1.223680469,0.21234,3,1.220318596, Kink-turn
4KQY_A:17-21_31-38,0.20517,6,2.500280153,0.21194,10,2.958520241,0.16773,9,1.284143373,0.27664,3,2.004154597,0.24036,5,4.006054508, Kink-turn
4LFB_A:684-688_699-706,0.17372,7,1.229138652,0.23523,10,2.528820705,0.15591,10,2.876067069,0.1615,8,1.67624254,0.05649,4,1.486557341, Kink-turn
4LFB_A:242-247_277-284,0.20039,5,1.270568868,0.27326,10,2.50538085,0.08326,4,1.882816388,0.0672,4,1.786006577,0.27219,5,1.056264371, Kink-turn
3J7A_A:963-968_979-987,0.17424,5,1.581835248,0.14807,10,2.124855064,0.16534,11,2.684701952,0.17775,8,1.523100511,0.17532,5,1.216971233, Kink-turn
5J7L_AA:515-521_528-536,0.04485,4,3.512884052,0.17577,8,8.415428524,0.09198,4,3.400540453,0.13772,5,3.505680391,0.20569,3,2.196849512, Kink-turn
4V9F_0:77-81_93-100,0.19365,7,1.56304331,0.26208,10,2.596720386,0.14186,8,2.71423725,0.12035,7,1.561375756,0.1545,6,1.900202882, Kink-turn
3NVI_F:5-8_15-21,0.03322,4,4.724752166,0.11008,5,2.132560867,0.30643,7,1.152907127,0.22793,7,1.878266563,0.12299,6,2.123642848, Kink-turn
4V88_A6:311-316_348-355,0.2054,9,6.325775021,0.28485,10,2.628658869,0.19203,10,3.041687231,0.14785,4,1.977721086,0.25947,5,1.122480117, Kink-turn
4V8P_D1:2152-2157_2168-2175,0.23292,5,6.01247106,0.13571,6,1.428845054,0.20982,3,0.896516002,0.11294,4,1.546634402,0.12456,4,2.318232241, Kink-turn
4V8P_D1:1245-1252_1311-1314,0.22391,7,1.436585503,0.28022,6,1.816315866,0.25687,8,2.21283216,0.2147,4,1.185951574,0.08839,4,1.361334181, Kink-turn
4IOA_X:81-84_96-102,0.16709,6,1.631751331,0.12154,8,2.981751439,0.11295,4,1.659505898,0.07626,5,3.145438524,0.13382,7,2.7550245, Kink-turn
3SIU_F:33-39_47-50,0.0702,4,2.038907147,0.21755,6,2.157889093,0.22538,8,1.431104266,0.20778,7,1.429861319,0.17073,6,1.822571808, Kink-turn
3J7Q_5:2302-2309_2329-2333,0.36055,9,7.073975,0.19626,6,2.520757855,0.39396,11,2.359132068,0.4004,8,1.884491727,0.20378,4,1.480587699, Kink-turn
5TBW_1:1711-1717_1727-1733,0.17873,8,2.58866739,0.28959,11,2.266312655,0.16451,10,1.835588897,0.31111,7,1.529311793,0.20089,3,0.318477663, Kink-turn
5J7L_AA:242-247_277-284,0.20915,9,3.452545991,0.2794,10,2.519615172,0.17933,7,1.319900385,0.17386,4,1.826862287,0.2927,7,1.952994155, Kink-turn
3J7Q_5:3660-3665_3677-3684,0.15427,5,1.584890032,0.23271,4,1.799973456,0.18729,4,2.928884281,0.25102,3,1.145594576,0.15461,3,1.376001967, Kink-turn
4IOA_X:1221-1228_1247-1251,0.29349,8,1.874348246,0.18713,5,1.833887072,0.40961,10,2.241111382,0.30076,8,1.926159354,0.22189,4,1.508447724, Kink-turn
2OZB_C:28-34_42-45,0.14419,4,1.69606097,0.13092,6,1.65057267,0.19583,3,1.113930566,0.27616,7,1.387886529,0.21008,3,1.42733153, Kink-turn
3J79_A:2449-2455_2466-2473,0.11567,5,1.55904161,0.196,8,2.228638862,0.09165,5,1.647701064,0.22511,3,3.969629,0.14077,5,1.803247049, Kink-turn
5J7L_DA:1208-1215_1234-1238,0.32806,8,1.882464219,0.19778,5,1.832635596,0.43148,10,2.256866285,0.30593,6,1.705217343,0.12944,5,1.383245417, Kink-turn
4V8P_D1:1735-1741_1751-1757,0.14151,8,2.789188684,0.29493,11,2.336671028,0.19266,10,2.2211595,0.09599,6,1.529763995,0.14434,5,1.357249847, Kink-turn
1RLG_D:5-8_15-21,0.19356,5,3.74411874,0.20995,3,1.673783918,0.21171,5,5.319090643,0.15443,5,5.890028002,0.27526,7,6.03318669, Kink-turn
3J7Q_5:2656-2662_2672-2678,0.17614,8,1.782585078,0.23421,11,2.163051961,0.17677,10,1.602258738,0.13425,4,0.970871616,0.13235,4,1.6147522, Kink-turn
4V88_A6:562-568_575-583,0.19862,7,2.073288444,0.18187,7,2.724029353,0.12843,4,1.732181141,0.16362,5,1.948549912,0.1763,6,2.282956723, Kink-turn
4V9F_0:1587-1592_1602-1608,0.19269,10,2.741433308,0.21865,10,1.831995947,0.24656,10,2.960412383,0.19854,8,1.299416027,0.10376,5,6.032125752, Kink-turn
4V9F_0:1312-1319_1338-1342,0.31947,8,7.223981379,0.19437,5,1.776605895,0.44154,10,2.303743189,0.29346,8,1.784559015,0.26703,4,1.410155614, Kink-turn
3J79_A:1868-1874_1884-1890,0.18616,5,1.488828367,0.26457,11,2.061970748,0.19924,10,1.782843689,0.20783,8,1.395955627,0.0926,4,1.790905799, Kink-turn
4AOB_A:18-21_31-37,0.09325,4,1.715934007,0.21115,6,2.302447875,0.20052,5,2.16106304,0.11654,4,2.510062257,0.29039,6,2.850319876, Kink-turn
5TBW_1:2156-2161_2173-2180,0.15848,5,1.578214513,0.13905,7,3.447417213,0.05816,4,2.213053313,0.26024,3,1.098329498,0.13344,4,4.713441634, Kink-turn
5TBW_1:1218-1226_1283-1287,0.21777,6,2.54245191,0.18727,5,1.515380583,0.20847,10,2.764550388,0.26549,8,4.116891174,0.19576,7,2.499927643, Kink-turn
3J79_A:1536-1543_1563-1567,0.30388,9,7.111721126,0.19902,5,1.790040372,0.44007,10,2.356256861,0.33425,6,1.714581406,0.24833,5,2.000651862, Kink-turn
3J7A_A:569-575_582-590,0.22283,7,2.046636876,0.22688,7,2.765492167,0.1484,5,3.16218088,0.14456,5,1.952966421,0.16171,6,2.277706478, Kink-turn
4Y4O_2A:1208-1215_1234-1238,0.31254,8,1.769472734,0.19045,5,1.810805112,0.3824,10,2.257809106,0.18918,7,2.06868502,0.21764,4,1.500742643, Kink-turn
5J7L_DA:1043-1050_1109-1112,0.29632,8,2.090005314,0.18602,5,1.578876953,0.24381,10,2.759309086,0.20404,8,1.736230033,0.21188,3,1.127892141, Kink-turn
3J7A_A:317-322_354-361,0.17098,5,1.400214448,0.25032,10,2.490708391,0.10922,4,1.85383919,0.20114,4,4.517626479,0.21628,5,1.091574856, Kink-turn
4V88_A6:895-899_910-917,0.19601,5,1.584980092,0.25386,10,2.075929222,0.12104,9,1.794602843,0.14655,4,1.381624473,0.22999,6,2.409675696, Kink-turn
3RW6_H:11-18_43-50,0.17978,5,1.187063063,0.23262,10,2.448288146,0.14738,8,2.628104547,0.14053,8,1.932140859,0.18572,3,1.182514931, Kink-turn
5J7L_AA:684-688_699-706,0.14042,8,1.668842821,0.25601,10,2.520869948,0.20786,8,2.892203714,0.19396,8,1.699582278,0.08777,4,1.810658044, Kink-turn
1E7K_C:28-34_42-45,0.20392,4,1.680441818,0.18,4,1.541463713,0.10364,8,10.16248295,0.19316,7,1.493003291,0.20325,3,1.232853091, Kink-turn
3U4M_B:2129-2136_2155-2159,0.3531,7,1.228996955,0.17013,5,1.992499149,0.38454,10,2.120273874,0.36128,8,1.36064183,0.23873,4,1.419456643, Kink-turn
4LFB_A:515-521_528-536,0.1199,4,2.102242398,0.18034,6,4.600586866,0.17528,3,3.365484925,0.15697,5,3.411685829,0.19884,6,7.805963366, Kink-turn
4LCK_F:6-12_94-97,0.21313,3,0.435649451,0.15515,4,1.559439899,0.14083,8,2.62091944,0.21882,7,1.346092704,0.15341,4,1.452816624, Kink-turn
4GXY_A:82-86_139-146,0.20103,8,2.536114943,0.2527,10,2.245984234,0.17163,9,1.787241034,0.25424,4,0.804185498,0.10616,4,1.72460901, Kink-turn
2YGH_A:17-21_31-38,0.23818,5,1.850804252,0.23571,9,1.909701788,0.22092,9,3.14312327,0.18374,4,1.001530653,0.12457,6,2.220530853, Kink-turn
4V9F_0:937-940_1026-1033,0.24128,4,1.573568882,0.18602,9,2.075662047,0.17406,7,2.811788945,0.14293,7,1.784990677,0.26024,3,0.681918686, Kink-turn
4Y4O_2A:81-85_97-105,0.22363,9,5.85608031,0.28272,10,2.731528437,0.1658,8,2.792074377,0.19608,8,1.733314411,0.04083,4,1.566874382, Kink-turn
4V5O_BA:556-562_569-577,0.17983,7,2.171154825,0.0557,6,2.766763934,0.14601,5,1.717333499,0.16703,5,1.943468689,0.07129,4,2.187307006, Kink-turn
4WF9_X:1246-1253_1272-1276,0.31825,8,1.865666168,0.16967,5,1.890523562,0.44508,10,2.265577332,0.32753,8,1.910050433,0.1934,4,1.510850229, Kink-turn
3V7E_C:17-21_31-38,0.20522,9,2.695247136,0.2829,10,2.905776472,0.175,9,1.375950464,0.0437,4,3.122863253,0.0928,4,5.199553959, Kink-turn
4WF9_X:81-85_97-104,0.2368,9,5.918405562,0.26053,10,2.239766234,0.24429,9,2.997108735,0.18308,8,1.792942503,0.19281,4,0.722623212, Kink-turn
3NMU_E:14-17_24-30,0.18525,4,1.653244489,0.10629,5,2.149791111,0.18269,5,1.63545647,0.21818,7,1.94183637,0.11393,6,2.205873737, Kink-turn
4GMA_Z:93-97_143-150,0.20624,6,2.120077558,0.25711,10,2.394931293,0.19515,10,2.860074539,0.16074,8,1.574062605,0.1637,6,1.765110367, Kink-turn
4BW0_A:3-7_16-23,0.20912,6,2.134362415,0.23132,9,2.058495795,0.31908,9,1.043998349,0.04256,4,1.852430283,0.11766,6,2.103967066, Kink-turn
5FJ4_H:3-7_26-33,0.22003,5,1.920352669,0.24008,9,1.946365199,0.35456,10,2.237148656,0.08877,4,1.625310978,0.16184,7,2.663438175, Kink-turn
4V5O_BA:302-307_339-346,0.23847,8,2.863300755,0.20814,10,2.478931479,0.18347,10,2.678351426,0.2373,3,1.148405074,0.22542,8,1.637085686, Kink-turn
5J7L_DA:1798-1804_1813-1821,0.30216,6,1.588733266,0.23151,10,2.614893511,0.20098,7,2.599761756,0.24157,7,1.416250567,0.18081,3,0.87612763, Kink-turn
4IOA_X:1789-1795_1805-1813,0.06514,5,5.552858425,0.25755,10,2.668364977,0.1229,5,2.055322285,0.23347,6,3.087240236,0.17677,3,0.965524352, Kink-turn
4V9F_0:1854-1859_1870-1877,0.16237,4,3.838413031,0.1146,5,2.693510152,0.14919,5,1.558732267,0.13609,4,1.232749788,0.23247,3,1.299914791, Kink-turn
4Y4O_2A:1798-1804_1813-1821,0.27825,6,1.617180718,0.30052,8,6.069930008,0.08631,4,1.456074334,0.3053,7,1.589068664,0.16942,7,3.087625818, Kink-turn
5MRC_A:1705-1711_1721-1729,0.21214,3,1.1266686,0.25777,10,2.767720757,0.08257,4,1.483034186,0.28256,7,1.681732953,0.14812,4,1.315248044, Kink-turn
4WF9_X:1825-1831_1840-1848,0.13787,7,3.055428929,0.23586,8,6.039576286,0.09839,5,1.740020272,0.32699,7,1.475970029,0.1582,7,2.996365279, Kink-turn
5J7L_AA:1416-1419_1481-1484,0.1811,5,1.489025651,0.20763,4,1.185275058,0.20185,8,1.95150001,0.27116,8,1.298515487,0.13377,5,1.912778128, Tandem-shear
4V88_A6:1669-1672_1729-1732,0.27574,6,1.826975395,0.1307,4,0.833855512,0.20631,8,2.009342055,0.4943,8,0.664250212,0.07979,4,1.964227382, Tandem-shear
5J7L_DA:2467-2470_2480-2483,0.26131,4,0.627082414,0.3182,8,1.297858693,0.24803,8,1.81676792,0.31012,8,1.074939055,0.28582,3,1.244421801, Tandem-shear
4V88_A6:186-189_196-199,0.30087,4,0.82194654,0.22366,4,0.594226413,0.18213,8,1.954864698,0.38591,8,0.6888303,0.29562,3,0.69511141, Tandem-shear
5TBW_1:725-728_741-745,0.3492,9,1.621486557,0.35029,8,2.556689526,0.20251,9,1.706344612,0.36594,8,1.161759915,0.05867,5,2.126804867, Tandem-shear
4LFB_A:1416-1419_1481-1484,0.10944,4,1.2270284,0.16605,7,1.281625432,0.29958,8,1.788949917,0.45563,8,0.74274373,0.2581,3,1.275719524, Tandem-shear
5J7L_DA:536-539_554-557,0.32548,7,2.309918469,0.2473,8,1.952585214,0.29222,8,1.877301251,0.54659,8,0.668144412,0.15604,3,0.735946151, Tandem-shear
3J7A_A:1966-1969_2021-2024,0.24823,7,1.982656998,0.13184,4,0.836197445,0.21338,8,1.469413397,0.46758,8,0.652265965,0.27774,3,0.637152496, Tandem-shear
5J7L_DA:2350-2353_2364-2367,0.19114,4,0.876750878,0.20824,8,1.996631175,0.16824,8,1.851094584,0.68275,8,0.586389501,0.09195,4,2.053470092, Tandem-shear
4V9F_0:2502-2505_2515-2518,0.13871,7,2.33927303,0.21684,6,0.842744383,0.22842,7,1.331738929,0.27794,8,0.950415552,0.33516,3,0.576330013, Tandem-shear
2R8S_R:112-116_205-208,0.27379,8,1.771130584,0.19955,9,2.49176795,0.27512,9,1.541669473,0.39885,8,0.89443714,0.26288,3,1.466579077, Tandem-shear
5MRC_A:2617-2620_2631-2634,0.25315,4,0.573747318,0.22278,8,1.623273559,0.19206,7,1.337974682,0.51114,8,0.880977854,0.25419,3,0.535846913, Tandem-shear
4WFL_A:73-76_91-94,0.28797,4,0.494066292,0.22595,6,1.097277355,0.18743,8,1.545726304,0.33832,8,1.06760605,0.13136,4,1.236840924, Tandem-shear
4V5O_BA:1640-1643_1682-1685,0.2648,7,2.277361605,0.28593,7,3.008406343,0.26692,8,1.435578171,0.47453,8,0.704503691,0.26232,3,0.519690229, Tandem-shear
3J7P_S2:1733-1736_1798-1801,0.29072,8,2.413826945,0.30456,8,1.834874702,0.18815,8,1.59472311,0.49113,8,0.705434372,0.21852,5,1.740041803, Tandem-shear
3D0U_A:16-19_67-70,0.19681,7,1.730580605,0.20707,5,2.346427185,0.32336,8,1.859587659,0.48058,8,0.669783393,0.10825,4,1.468337218, Tandem-shear
1U6B_B:56-59_85-88,0.12484,4,1.12502313,0.18644,8,1.399731415,0.28832,7,1.058117734,0.3121,8,0.916201756,0.17571,4,1.358740944, Tandem-shear
3IGI_A:172-175_190-194,0.33328,9,2.212336225,0.27846,8,1.770260703,0.30898,5,0.885549838,0.51766,8,0.686943777,0.21935,5,3.423414337, Tandem-shear
3J7Q_5:1431-1434_1450-1453,0.15265,8,2.463361043,0.1839,8,1.696678916,0.20066,8,1.808742893,0.41914,8,0.742953586,0.23413,3,1.128850116, Tandem-shear
4V8P_D1:2824-2827_2837-2840,0.26237,4,0.650384998,0.32604,8,1.454144122,0.2071,8,1.196215662,0.31629,6,1.174431746,0.22083,6,1.509587637, Tandem-shear
3DIL_A:19-22_70-73,0.44896,8,1.489212046,0.15701,7,1.635723755,0.27424,7,1.388781858,0.39952,7,1.247378303,0.35397,4,2.174495127, Tandem-shear
4LFB_A:1431-1435_1466-1469,0.28972,9,1.63573801,0.3245,9,2.472502319,0.31646,9,1.591845382,0.28798,8,1.24479269,0.27008,3,1.589571939, Tandem-shear
4Y4O_2A:2350-2353_2364-2367,0.2546,8,2.506492468,0.13328,4,0.774378179,0.17944,8,1.90408159,0.61234,8,0.580243468,0.22133,3,0.690793973, Tandem-shear
4IOA_X:2329-2332_2343-2346,0.23319,4,0.691951712,0.27558,8,1.66411688,0.15246,8,1.980406888,0.52174,8,0.770581942,0.24769,3,0.58109977, Tandem-shear
4V8P_D1:125-128_138-141,0.17002,8,2.35423747,0.23868,8,1.88423345,0.17383,8,1.756784735,0.28393,8,1.11293387,0.04855,5,2.492840334, Tandem-shear
4V5O_BA:37-40_458-462,0.28607,8,2.609843163,0.22785,3,1.04324529,0.28963,7,1.778988806,0.44817,8,1.72850461,0.217,4,1.021410544, Tandem-shear
4V9F_0:2873-2876_2881-2884,0.36867,6,2.289344215,0.13865,7,1.850411377,0.11379,4,1.595294172,0.27341,8,1.453018526,0.34955,4,3.615113122, Tandem-shear
4IOA_X:1491-1494_1530-1533,0.25438,6,1.681286078,0.20376,8,2.002418231,0.15891,8,2.013037141,0.44932,8,0.886201262,0.22844,3,1.173305651, Tandem-shear
5J7L_DA:1526-1529_1542-1546,0.39149,9,1.531395882,0.33766,8,2.572227532,0.2233,7,7.237401115,0.36614,8,1.426334882,0.12642,5,2.013712677, Tandem-shear
5AOX_C:58-61_105-108,0.21468,8,2.644507399,0.27604,5,2.298073681,0.23699,8,1.753722859,0.43567,8,0.723513819,0.08637,4,1.572436866, Tandem-shear
4XWF_A:7-10_36-39,0.18912,7,2.27707908,0.38006,8,1.466089984,0.235,8,1.634145332,0.66816,8,0.478974698,0.19324,3,1.053720625, Tandem-shear
5BTP_B:12-15_41-44,0.22814,7,2.398581541,0.34667,8,1.509590972,0.24114,8,1.668246663,0.64741,8,0.496693709,0.23159,3,1.139305696, Tandem-shear
4V8P_D1:571-574_594-598,0.31421,9,2.248116517,0.30114,5,1.819728463,0.22369,9,1.690663267,0.38077,8,0.949004057,0.25522,3,1.540669778, Tandem-shear
5J7L_DA:1864-1867_1874-1878,0.24514,5,0.888780601,0.2998,8,2.533566204,0.34116,9,1.843774654,0.41894,8,1.346985825,0.21793,3,0.800474585, Tandem-shear
4V88_A6:1653-1656_1744-1747,0.26439,8,2.017788967,0.22278,8,1.911016804,0.20262,8,1.856044802,0.34873,8,1.057254281,0.19555,4,3.351076894, Tandem-shear
4V8P_D1:3043-3048_3073-3077,0.23174,9,2.583044012,0.30758,8,2.941517907,0.25258,8,2.638114648,0.27353,4,0.476915658,0.22938,5,2.322752934, Tandem-shear
4V8P_D1:162-165_254-257,0.22571,4,0.583784656,0.20399,8,1.61281649,0.23374,8,1.820950903,0.52279,8,0.768264377,0.18276,3,1.009062582, Tandem-shear
4WF9_X:2377-2380_2391-2394,0.20005,4,0.745908547,0.14339,8,1.893355954,0.18393,8,1.849710941,0.51366,8,0.602241445,0.196,3,0.638967202, Tandem-shear
4V8P_D1:2993-2996_3128-3133,0.20247,6,1.975339483,0.25428,3,1.63437821,0.21616,6,3.665665868,0.36956,8,1.616402149,0.29128,3,1.126352905, Tandem-shear
4WF9_X:581-584_597-600,0.35851,7,1.912769171,0.17284,8,1.989155956,0.1921,5,2.463992299,0.42779,8,0.820282431,0.24899,2,0.147581377, Tandem-shear
4V8P_D1:3300-3303_3316-3319,0.33134,8,2.218504435,0.13161,7,1.806664219,0.15465,7,1.801425589,0.27393,8,1.328096183,0.25597,3,1.031347766, Tandem-shear
4KZD_R:11-14_71-74,0.39019,8,2.462949689,0.18552,7,1.39638094,0.28598,8,1.704767947,0.43671,8,0.950614327,0.33237,4,0.96284929, Tandem-shear
4V8P_D1:475-479_499-502,0.26806,9,2.127313574,0.19585,9,2.501759614,0.24192,8,1.367349447,0.35565,8,0.887146899,0.26636,3,0.564865605, Tandem-shear
4WF9_X:1461-1465_1624-1627,0.27072,5,1.849038745,0.19676,8,2.127095721,0.1887,3,0.340878277,0.22068,8,1.8453932,0.34222,3,1.502701854, Tandem-shear
1KOG_O:74-76_96-100,0.20304,5,1.671895852,0.12445,5,3.309197145,0.18568,3,1.495725612,0.26915,4,1.127696715,0.60085,8,0.568078041, C-loop
4V9F_0:958-963_1005-1008,0.04285,4,2.654136555,0.24132,3,1.716152927,0.19103,3,1.419544599,0.12139,5,2.059354777,0.40763,6,1.562954492, C-loop
5MRC_A:787-791_835-838,0.23436,3,1.153347115,0.18754,3,1.436776013,0.10864,7,2.648286389,0.09407,4,1.826200842,0.46549,7,1.517163601, C-loop
5J7L_DA:864-868_909-912,0.29185,3,1.2049916,0.23993,3,1.215279264,0.09446,4,1.364757423,0.32356,7,3.388623334,0.5251,8,1.186260152, C-loop
3J7Q_5:1732-1737_1792-1797,0.22699,10,2.226339681,0.18143,8,2.035629507,0.27943,11,1.740619709,0.19067,5,4.364073261,0.22637,5,1.360654344, C-loop
4Y4O_2A:858-862_915-919,0.28215,10,2.334972657,0.48859,10,2.290778774,0.28559,10,1.796380283,0.06676,4,1.432545696,0.19345,3,1.350264533, C-loop
3J7P_S2:1214-1217_1681-1685,0.25226,3,1.267673472,0.10221,6,3.364236382,0.20478,5,1.086134286,0.21755,3,1.221575559,0.31978,8,1.425996551, C-loop
4Y4O_2A:1319-1323_1331-1333,0.14598,4,1.723383421,0.11137,4,2.320788733,0.21481,6,2.854770571,0.21896,3,1.111736511,0.43192,8,0.794886085, C-loop
4V8P_D1:1025-1030_1072-1075,0.06438,4,1.922830618,0.15795,6,3.498255278,0.12463,5,2.456696905,0.12595,4,1.831446164,0.30583,8,1.588374989, C-loop
4V5O_BA:1130-1132_1589-1593,0.2793,6,2.41253455,0.24676,7,2.861312549,0.21086,5,1.698534958,0.14999,3,1.593221238,0.50562,8,1.347754546, C-loop
4Y4O_2A:864-868_909-912,0.27672,6,5.712811792,0.08973,5,3.017917967,0.07288,4,1.416256044,0.3301,7,3.292809031,0.52817,8,1.219087968, C-loop
5TBW_1:999-1004_1046-1049,0.28553,3,1.449280521,0.09084,4,1.925541297,0.09283,4,1.236392418,0.13158,5,2.285850587,0.34618,8,1.525252795, C-loop
5J7L_DA:857-862_915-920,0.22192,10,2.376298217,0.16634,8,2.056536898,0.23913,12,2.219482676,0.30019,8,2.112349777,0.337,5,1.249590069, C-loop
4V9F_0:952-956_1011-1015,0.26789,10,2.407265783,0.46907,10,2.342301926,0.32582,10,1.754126981,0.21234,8,1.970035411,0.22613,8,2.51211328, C-loop
4V9F_0:1425-1429_1437-1439,0.15966,4,1.544028407,0.19846,6,2.11474513,0.13802,5,2.559119753,0.25095,3,0.981034913,0.56366,8,0.603582548, C-loop
4IOA_X:877-881_921-924,0.29085,3,0.457812302,0.18817,6,2.980916813,0.25185,3,0.448213951,0.33027,6,3.192252118,0.46674,8,1.260679547, C-loop
4V8P_D1:1018-1023_1078-1083,0.21691,10,2.329828176,0.44726,11,2.214706153,0.29398,9,1.528627434,0.17798,4,0.65510248,0.19389,5,1.446978992, C-loop
3J79_A:1114-1119_1175-1180,0.25984,10,2.392819919,0.19761,8,2.207212325,0.18029,6,1.411263081,0.31081,6,4.625341967,0.31498,5,1.341870333, C-loop
4V9F_0:2717-2721_2761-2763,0.19144,4,1.498219151,0.15719,5,1.355590014,0.20983,3,0.572310217,0.09914,4,2.183975225,0.61784,8,0.43452626, C-loop
3J7A_A:1258-1261_1914-1918,0.21356,6,2.372862613,0.23419,3,1.041501948,0.15777,6,2.42685852,0.1979,3,1.060014005,0.46521,7,1.095211006, C-loop
4V88_A6:1157-1160_1617-1621,0.276,3,0.540102772,0.15706,6,3.316290738,0.23858,3,0.954319739,0.32357,3,0.950293337,0.47949,7,1.161796834, C-loop
4IOA_X:871-875_927-931,0.26011,10,2.358290598,0.45959,10,2.245807165,0.15984,10,2.29434847,0.18984,8,2.190750033,0.15942,4,1.891229698, C-loop
4V8P_D1:469-470_507-510,0.06867,4,1.429769099,0.18637,6,1.45682622,0.23461,4,1.101354166,0.24905,6,0.994231153,0.22877,5,1.343883743, C-loop
5J7L_AA:597-598_640-643,0.36419,4,0.854575164,0.12785,6,1.598633576,0.06367,4,1.189682702,0.30018,6,1.016847963,0.36362,4,0.530005187, C-loop
4Y4O_2A:2680-2684_2725-2727,0.09349,4,1.200809056,0.1814,4,2.040581336,0.21685,3,0.439884581,0.25651,3,0.719029899,0.69264,8,0.344110917, C-loop
4JRC_B:29-33_73-75,0.15768,4,1.679653062,0.14036,5,3.153882219,0.24435,3,0.41490711,0.18208,6,1.616637359,0.51893,8,0.678781777, C-loop
5J7L_DA:1846-1849_1893-1894,0.31198,6,2.246831838,0.28715,6,1.370681217,0.23275,3,1.3108572,0.39594,6,1.132042822,0.26694,5,1.760654908, C-loop
5FDV_1B:30-31_51-54,0.10186,4,2.142947139,0.18662,3,1.658920475,0.27167,6,1.642124017,0.2515,6,1.110205082,0.20808,4,0.721353576, C-loop
4V88_A6:746-747_802-805,0.1779,3,1.624905393,0.09921,5,1.500502208,0.06326,4,1.220080508,0.20542,6,1.745010818,0.31554,4,0.524216661, C-loop
4V8P_D1:457-462_516-521,0.29439,9,1.482450041,0.27223,8,1.497175132,0.28763,12,1.668612283,0.28159,8,2.02164788,0.1787,5,1.309958036, C-loop
4IOA_X:1332-1336_1344-1346,0.07455,4,1.580083251,0.15742,4,1.131258373,0.24153,3,0.378082302,0.29645,3,0.617031131,0.40261,8,0.859209876, C-loop
4LFB_A:597-598_640-643,0.06931,4,1.567264797,0.1886,3,2.231223927,0.2316,3,0.946808838,0.45688,4,0.754557876,0.35452,4,0.520922639, C-loop
1I6U_C:12-13_24-27,0.0776,4,1.506911476,0.11168,5,1.585609973,0.20436,6,1.589680468,0.33883,6,0.923416632,0.2661,4,1.202370641, C-loop
4V9F_9:29-30_50-53,0.0852,4,1.49936242,0.21831,6,1.584339047,0.05854,4,1.249400371,0.2808,6,1.09965957,0.407,6,1.858683375, C-loop
4WF9_X:909-913_954-957,0.05152,4,2.252494548,0.1298,5,1.832726997,0.18643,3,0.981815717,0.2516,7,3.386300705,0.43071,8,1.395500758, C-loop
1U9S_A:136-139_161-162,0.25412,5,1.547118269,0.07867,4,2.974992117,0.14196,5,1.809265981,0.31911,6,1.795848044,0.32833,6,1.25874761, C-loop
4MGN_A:29-33_73-75,0.09497,5,2.585616001,0.12069,5,3.225707881,0.19218,3,0.501487533,0.26221,3,1.027664302,0.48023,8,0.693702263, C-loop
5J7L_DB:30-31_51-54,0.06942,4,1.617362731,0.13079,6,1.66468493,0.06746,4,1.188209328,0.25089,6,1.127175333,0.2121,4,0.7603859, C-loop
4LFB_A:371-375_389-390,0.23547,4,1.152308521,0.18102,6,1.796108538,0.22377,3,1.539574115,0.13886,4,1.996313071,0.51265,7,1.43202856, C-loop
4WF9_X:2707-2711_2752-2754,0.18012,4,1.504491697,0.13852,5,2.386519836,0.15967,3,0.55337746,0.29897,3,0.972841452,0.83874,8,0.223583946, C-loop
4IOA_X:2659-2663_2705-2707,0.14183,4,1.639456256,0.1791,5,3.079378663,0.18781,3,0.523366432,0.28118,3,0.94648345,0.68884,8,0.247883097, C-loop
4V8P_C3:28-29_48-51,0.07196,4,1.499323115,0.20288,6,2.243252296,0.22981,4,1.551230056,0.14523,6,1.743625518,0.43261,6,1.806676125, C-loop
4IOA_X:1838-1841_1876-1877,0.18861,5,1.31968234,0.28492,6,1.821351603,0.05918,4,1.804016964,0.26131,4,0.775691337,0.2831,2,0.500893396, C-loop
4IOA_X:1035-1041_1135-1150,0.28639,7,1.354473339,0.14388,9,2.118341596,0.20358,6,2.195623684,0.24138,6,1.34537817,0.09847,6,2.574236724, reverse-Kink-turn
4Y4O_2A:1024-1030_1124-1140,0.28659,7,1.434536152,0.12855,9,2.125194507,0.18538,6,2.233595656,0.22046,6,1.54287403,0.08386,6,2.813105665, reverse-Kink-turn
3J79_A:1323-1333_1427-1441,0.09587,7,2.969758416,0.12731,10,1.973436526,0.13953,6,2.527354411,0.18616,6,1.34253412,0.08923,4,1.391786311, reverse-Kink-turn
5J7L_DA:1024-1030_1124-1140,0.2729,7,1.4835833,0.14468,9,2.064958151,0.1033,5,2.626150907,0.2105,7,3.531728584,0.1351,5,1.531575155, reverse-Kink-turn
4V8P_D1:1222-1232_1326-1340,0.12647,5,2.164747818,0.14199,10,2.079699555,0.10717,5,6.384533085,0.08997,4,1.293160855,0.07014,4,1.389421383, reverse-Kink-turn
3J7Q_5:1934-1944_2038-2052,0.16725,6,1.23986576,0.1234,10,2.309064431,0.12534,7,2.967351092,0.10394,6,1.641760428,0.11332,4,1.09852648, reverse-Kink-turn
5MRC_A:950-957_1091-1105,0.0891,6,2.534309149,0.1233,9,2.197166433,0.12072,4,0.797830619,0.17191,6,1.994511445,0.07259,4,1.486869358, reverse-Kink-turn
4K27_U:19-23_34-37,0.19412,8,1.45701064,0.1544,9,2.023231185,0.20044,9,2.578334858,0.20673,8,2.17212929,0.34558,3,0.197577224, Tetraloop-receptor
6CHR_A:518-521_532-536,0.21355,8,1.81786088,0.22242,5,1.057913567,0.23572,5,1.053522474,0.20042,6,1.192775424,0.30065,3,0.968083216, Tetraloop-receptor
3T4B_A:2-5_19-20,0.24805,5,1.731976182,0.19199,3,1.684536704,0.18784,4,0.834478055,0.25425,6,1.217331462,0.20609,5,1.652649531, Tetraloop-receptor
3IGI_A:334-335_346-349,0.25471,6,1.735554655,0.1709,4,1.202956207,0.23554,6,1.978468875,0.33634,6,1.246582718,0.29714,3,1.645854088, Tetraloop-receptor
6CHR_A:164-167_306-310,0.20137,8,1.863958465,0.16297,7,2.134983796,0.14482,9,2.239630068,0.21325,6,1.168422385,0.27267,3,1.283293483, Tetraloop-receptor
2R8S_R:223-227_247-250,0.14414,7,1.866598619,0.16723,8,1.963537095,0.22878,5,1.019020142,0.22841,4,1.234779703,0.34415,3,0.237401819, Tetraloop-receptor
4PCJ_A:8-11_27-28,0.18654,4,1.81992052,0.30919,5,6.371233241,0.2566,6,1.948819382,0.24328,6,1.256179975,0.23285,5,1.531432333, Tetraloop-receptor
1U6B_B:61-65_80-83,0.2243,8,2.020130165,0.15677,8,2.018146467,0.23597,5,0.761480992,0.28728,8,2.004441098,0.14694,5,1.428413295, Tetraloop-receptor
5DCV_D:5-6_45-48,0.20645,3,0.914887064,0.13762,5,1.432484896,0.24695,6,1.008754547,0.22364,4,1.413709616,0.25879,4,2.049115253, Tetraloop-receptor
4LFB_A:774-778_804-805,0.21935,5,1.664510481,0.26411,3,0.366911497,0.17939,7,2.488751958,0.31099,6,1.519302778,0.20963,5,1.578429774, Tetraloop-receptor
5BTM_A:19-23_34-37,0.20944,3,0.606318111,0.1619,9,2.300184725,0.18298,9,2.15214817,0.16987,8,1.879550345,0.3395,3,0.19157573, Tetraloop-receptor
1NBS_B:146-150_159-162,0.31254,3,0.681436289,0.17544,8,2.269568863,0.20143,9,2.546107168,0.29113,8,1.970052715,0.31252,3,0.246944079, Tetraloop-receptor
1U6B_B:147-150_162-163,0.2089,4,1.809487286,0.30757,3,0.453083791,0.26467,6,1.994567945,0.29924,6,1.164619661,0.23944,5,1.596241078, Tetraloop-receptor
5T83_A:16-19_40-41,0.27811,3,1.087317561,0.06427,4,2.125941132,0.17822,6,1.322911247,0.22013,6,1.078007108,0.31139,3,0.721172305, Tetraloop-receptor
5U3G_B:10-13_28-29,0.29631,3,1.096636705,0.18012,4,1.639596326,0.17765,6,1.338157049,0.23372,6,1.103323905,0.22809,3,0.69466499, Tetraloop-receptor
3Q1Q_C:32-35_44-48,0.21947,3,1.380961494,0.14434,8,1.910492594,0.17715,5,1.128432557,0.18724,4,1.459290851,0.04244,4,2.160033783, Tetraloop-receptor
1KXK_A:15-19_54-57,0.30187,3,0.496374214,0.08687,7,2.180662502,0.2115,8,1.903786012,0.23835,8,2.077428343,0.32751,3,0.140683677, Tetraloop-receptor
4WZJ_XXX:46-49_56-60,0.18918,5,1.40925793,0.17013,4,1.483130817,0.16169,9,2.325886717,0.18125,8,2.116563957,0.20619,3,1.341779374, Tetraloop-receptor
4V88_A6:550-557_587-588,0.04388,4,1.462851156,0.19019,3,1.480039816,0.07052,5,1.800241854,0.22019,5,1.876748552,0.31104,4,1.015668603, Rope-sling
4V8P_D1:1200-1207_1352-1353,0.26517,3,0.388844176,0.20313,3,1.575152419,0.13741,3,2.558735052,0.22268,5,1.874619497,0.19283,5,1.878058312, Rope-sling
3J7A_A:557-564_594-595,0.19683,4,1.583624176,0.03552,4,1.669351593,0.16421,3,1.561124306,0.22088,4,1.96703184,0.2876,6,6.680549405, Rope-sling
4IOA_X:1015-1022_1161-1162,0.24324,5,1.818512023,0.20459,7,2.690176239,0.2424,3,0.532494597,0.19917,5,1.942088287,0.29346,5,1.95713083, Rope-sling
5J7L_DA:1004-1011_1150-1151,0.22042,5,1.804781144,0.16074,3,0.470051349,0.12417,4,1.609892002,0.24543,3,0.703129035,0.25488,4,1.076255532, Rope-sling
3J7Q_5:1911-1920_2063-2065,0.21743,3,1.425982847,0.06376,6,2.595644416,0.07071,5,2.159972529,0.08269,4,1.912887556,0.1523,4,1.218979024, Rope-sling
4V9F_0:1101-1108_1254-1255,0.18298,5,1.962802705,0.03359,4,1.64372072,0.15765,4,1.45230522,0.20669,4,1.763504771,0.24408,5,1.92671916, Rope-sling
4V5O_BA:543-550_581-582,0.21806,4,1.482046728,0.05539,4,2.053553006,0.20434,4,2.3391266,0.13306,4,1.316013033,0.30936,4,0.819965907, Rope-sling
4WF9_X:1048-1055_1194-1195,0.21432,5,1.807580084,0.15834,3,0.45596365,0.12327,4,1.630687389,0.17798,5,2.034518353,0.37597,5,1.886695219, Rope-sling
5J7L_AA:504-511_540-541,0.19318,4,1.552704664,0.07139,5,2.184259156,0.09166,5,5.296527682,0.22993,4,1.896859719,0.23516,5,1.782660254, Rope-sling
4LFB_A:504-511_540-541,0.19146,4,1.54782101,0.17038,3,1.828086734,0.17275,3,1.535055409,0.25477,4,1.860177757,0.21202,4,1.154074876, Rope-sling
1MZP_B:20-23_32-45,0.14637,6,6.02503417,0.15387,8,1.6632944,0.04073,4,2.213408991,0.12894,6,2.378920425,0.13112,7,2.750523374, L1-complex
5J7L_DA:82-85_97-104,0.21744,4,4.003847039,0.14349,9,2.588455748,0.15123,7,2.935575807,0.28095,5,5.982055561,0.12086,5,1.651671718, L1-complex
3U4M_B:2124-2127_2161-2174,0.14527,7,1.617985827,0.21025,8,1.644216488,0.06648,9,4.118549381,0.1799,4,1.029020553,0.22922,5,1.269811164, L1-complex
1U63_D:10-13_33-40,0.16808,3,0.498690931,0.20321,9,2.347459408,0.13199,8,2.570251343,0.20128,4,0.97695757,0.1739,7,2.278779505, L1-complex
2VPL_B:10-13_33-40,0.1248,4,1.640057301,0.24893,9,2.296456466,0.2011,3,1.502422962,0.18993,8,2.150477866,0.16792,5,1.88752866, L1-complex
2GDI_X:20-21_38-45,0.24836,5,1.625519431,0.23928,6,2.705805441,0.22051,7,5.494269442,0.16007,4,1.766318969,0.23364,6,2.472816838, T-loop
