motif_str, alignment_score_KT, alignment_length_KT, rmsd_KT, matching_bps_KT, matching_stks_KT, alignment_score_SR, alignment_length_SR, rmsd_SR, matching_bps_SR, matching_stks_SR, alignment_score_EL, alignment_length_EL, rmsd_EL, matching_bps_EL, matching_stks_EL, alignment_score_TS, alignment_length_TS, rmsd_TS, matching_bps_TS, matching_stks_TS, motif_family
4V88_A6:627-631_968-972,66.3,8,2.526045765,3,2,67.4,7,0.885185712,2,2,55.4,8,1.442331217,3,1,59.4,9,3.392012463,2,2, E-loop
4UYK_R:86-90_111-115,85.8,8,0.998959561,3,2,56.9,8,4.462079254,2,3,85.1,7,2.175525805,3,2,91.5,6,1.527565833,2,3, E-loop
3J7A_A:634-638_1037-1041,40.1,7,2.71219473,2,2,50.2,9,5.664531361,2,3,35.2,4,1.375500793,2,1,44.4,5,0.988132955,2,2, E-loop
5J7L_DA:1357-1361_1370-1374,65.8,7,1.524246675,3,3,101.3,7,3.547213285,2,4,59.4,8,2.109292249,3,2,56.4,5,1.01167421,2,3, E-loop
4Y4O_2A:1856-1860_1882-1886,117,9,7.10940204,3,3,60.8,11,2.637904653,3,3,124.1,7,1.024431814,3,3,91.8,7,1.26801954,2,3, E-loop
4LFB_A:580-584_757-761,66.1,8,2.586501619,3,3,85.6,5,1.043423011,2,3,59.4,8,1.636030514,3,2,56.3,6,1.898438107,2,3, E-loop
1MFQ_A:190-194_205-209,28.3,7,2.715861412,2,2,65.6,6,2.11262533,2,3,23.4,5,2.362162906,2,2,32.6,6,2.162097809,2,3, E-loop
4IOA_X:24-29_521-526,108.2,6,0.661928852,3,2,53.6,10,2.585702044,3,2,107.4,8,0.632393273,3,2,81.7,5,1.900740477,2,2, E-loop
3J7A_A:1059-1063_1079-1083,64.2,9,7.443994186,3,2,58.7,7,3.14589361,2,4,71.3,7,1.833163775,3,2,58,7,3.208184326,2,2, E-loop
4LFB_A:779-783_799-803,77.8,9,2.394593996,3,3,91.1,6,3.39915849,2,3,71.3,9,5.612823252,3,2,57.9,8,3.242452775,2,2, E-loop
4Y4O_2A:24-29_511-516,108.2,6,0.663147591,3,2,53,10,2.548709316,3,2,106.8,8,0.645492292,3,2,81.7,5,1.811931598,2,2, E-loop
5OOL_A:2857-2860_2872-2875,80.1,5,1.045000578,2,2,55.5,6,1.369204212,2,3,80.3,7,4.876905946,2,2,89.2,5,0.743959581,2,3, E-loop
4V5O_BA:968-972_988-992,77.1,8,2.60042913,3,3,91.1,6,3.495011874,2,3,71.4,8,1.777081052,3,2,57.2,7,3.020297641,2,2, E-loop
4V9F_0:1542-1546_1639-1643,65.9,8,2.299644601,3,2,66.4,5,0.815902297,2,2,54.3,7,1.240446327,3,1,59.5,8,3.4001751,2,2, E-loop
5J7L_DA:1474-1478_1513-1517,57.7,7,2.82897959,3,2,91.2,5,0.413178029,2,3,60.5,7,1.299881705,3,2,56.4,5,0.734586258,2,3, E-loop
4Y4O_2A:1357-1361_1370-1374,57.1,8,2.665788408,3,2,48,6,1.103073965,2,3,53.8,8,2.152390911,3,1,60,7,2.901588418,2,2, E-loop
4V9F_0:21-26_517-522,108.2,6,0.62345898,3,2,53,10,2.568461705,3,2,106.8,8,0.533967366,3,2,81.7,5,1.88041779,2,2, E-loop
4V5O_BA:621-625_946-950,40.1,7,2.681309903,2,2,50.2,9,5.806507543,2,3,35.2,4,1.531370142,2,1,44.4,5,0.815108325,2,2, E-loop
5J7L_AA:779-783_799-803,77.8,9,2.38459052,3,3,91.1,6,3.340250958,2,3,71.3,9,5.574096648,3,2,57.9,8,3.276391056,2,2, E-loop
5J7L_DA:24-29_511-516,108.2,6,0.646722385,3,2,53,10,2.5474717,3,2,106.8,8,0.677450213,3,2,81.7,5,1.881363477,2,2, E-loop
3J7P_S2:676-680_1025-1029,33.3,5,3.107651464,1,1,76,7,0.918950939,3,2,33.3,5,2.2106246,1,1,33,4,2.68846609,1,1, E-loop
4V88_A6:990-994_1010-1014,67,7,1.147243951,3,2,84.1,7,3.146730735,2,3,55.8,6,1.325652625,3,1,60.2,9,3.143505414,2,2, E-loop
4V5O_BA:1649-1653_1672-1676,74,7,0.8863469,2,3,37.4,4,0.86710312,1,2,62.7,9,5.219306958,2,2,38,6,1.112416636,1,2, E-loop
4WF9_X:747-752_769-775,108.2,6,0.336332216,3,2,52.9,11,2.847976984,3,2,121.8,13,0.22311798,4,3,81.6,6,4.22239547,2,2, E-loop
4V9F_0:663-667_679-683,35.4,5,0.406201862,1,1,66.7,8,2.51099242,2,2,33.2,6,4.917793107,1,1,43.5,6,2.406082043,1,2, E-loop
4V88_A6:1678-1682_1719-1723,73.6,9,3.188770448,3,3,45.5,7,3.1553693,2,3,80.8,6,0.747556515,3,3,45.9,5,1.249903876,2,2, E-loop
5J7L_AA:580-584_757-761,48.5,8,2.618173679,3,2,66.1,9,5.348057486,2,3,37.6,8,1.740675423,3,1,41,9,3.129125552,2,2, E-loop
4WF9_X:2494-2497_2507-2510,80.6,4,0.967270544,2,2,56.4,5,0.822544381,2,3,80.6,4,0.979768975,2,2,90.7,6,0.993838782,2,3, E-loop
4WF9_X:649-653_663-667,33.3,5,3.062225119,1,1,33.4,4,2.511855529,1,1,33.6,6,2.378651752,1,1,33,4,2.709772999,1,1, E-loop
2A64_A:347-351_378-382,75,9,7.011685298,2,3,37.6,6,5.471091963,1,2,63.2,8,1.00759562,2,2,38.3,7,1.209914606,1,2, E-loop
2A64_A:284-288_297-301,118,7,0.713424944,3,3,62.5,10,2.660346987,3,3,106.2,6,0.711710388,3,2,91.5,6,1.3810742,2,3, E-loop
5J7L_DA:1720-1724_1736-1740,95.1,7,2.003217912,3,2,46.7,7,4.63494731,2,2,93.7,9,0.661548899,3,2,81.7,5,1.547096108,2,2, E-loop
4Y4O_2A:606-610_618-622,34.7,4,0.461812384,1,1,66,7,2.650243112,2,2,39.4,7,2.959505101,2,2,42.8,5,2.53835186,1,2, E-loop
4YAZ_R:16-20_35-39,72.8,9,2.018261012,3,3,45.8,11,3.6601381,3,1,60.3,7,0.760859447,3,2,42.3,8,3.271270651,2,1, E-loop
4V8P_D1:3189-3193_3217-3221,73.5,7,2.200468417,3,2,69.1,6,3.534436829,2,3,71.5,7,1.006817813,3,2,56.5,6,1.466749116,2,3, E-loop
4IOA_X:616-620_629-633,34.7,4,0.440472777,1,1,46,5,0.864634058,2,2,34.8,3,0.443189869,1,1,43.6,4,0.735564119,1,2, E-loop
3DHS_A:284-288_297-301,67.4,7,0.732352219,2,3,55.2,5,1.209236003,2,1,55.6,6,0.755871963,2,2,44,4,0.876646141,1,2, E-loop
3MXH_R:22-26_41-45,62.8,9,2.02610379,2,3,35.1,4,0.264338155,1,1,50.3,7,0.841420911,2,2,48.3,8,3.618009221,2,1, E-loop
3IWN_A:12-16_31-35,72.4,9,1.981918777,2,3,41.9,9,3.138068382,2,2,59.9,7,0.793383141,2,2,48.3,8,3.514444671,2,1, E-loop
5J7L_DA:606-610_618-622,35.4,5,0.374533597,1,1,66.7,8,2.555809986,2,2,39.4,7,2.899359685,2,2,43.5,6,2.45319854,1,2, E-loop
4V9F_0:794-798_815-819,106.2,6,0.380941064,3,2,51.5,11,2.770219047,3,2,125.3,9,0.23804803,3,3,81.7,5,1.882643545,2,2, E-loop
4Y4O_2A:702-707_724-730,108.2,6,0.371039608,3,2,53.5,11,2.801533963,3,2,121.7,12,0.29346629,4,3,81.6,6,4.177938275,2,2, E-loop
4WF9_X:1394-1398_1407-1411,13,8,2.887026432,2,2,44.6,6,3.740672534,1,2,8.9,8,2.015416379,2,2,10.8,6,1.950390014,1,2, E-loop
4IOA_X:1370-1374_1383-1387,59.5,8,3.057967685,3,3,116.8,6,3.952795602,3,4,53.4,8,2.236425708,3,2,56.3,6,1.761150487,2,3, E-loop
4WF9_X:1883-1887_1909-1913,65.2,8,6.778569768,2,2,37.6,6,5.543626214,1,2,62.9,7,1.158966347,2,2,38.1,5,1.394993172,1,2, E-loop
4V5O_BA:509-511_526-529,24.5,3,1.268425519,1,0,24.2,2,0.234683734,1,0,24.5,3,1.147131178,1,0,24.2,2,0.299400581,1,0, E-loop
4V9F_0:705-709_719-723,65.8,9,7.16176586,3,3,72,7,0.878089632,2,3,59.1,7,1.706566409,3,2,56.5,8,1.658012125,2,3, E-loop
4IOA_X:1848-1852_1865-1869,116.6,9,6.836444268,3,3,60.5,10,2.218359682,3,3,124.4,8,1.189138445,3,3,91.5,6,1.39993039,2,3, E-loop
2XXA_F:31-37_62-66,37.1,9,6.643258279,1,2,67.2,10,3.683067958,2,2,33.3,5,2.200758321,1,1,42.8,5,2.425975534,1,2, Hook-turn
5J7L_DA:998-1002_1153-1157,34.7,4,0.64096017,1,1,66.7,7,2.457254027,2,2,36.4,7,2.741140669,2,2,42.8,5,2.532787424,1,2, Hook-turn
4V5O_BA:63-67_78-82,43.3,8,6.008294626,2,2,76.5,6,1.553739061,2,2,43.3,8,1.393192226,2,2,42.4,5,1.602744853,2,2, Hook-turn
5MRC_A:924-928_1173-1177,34.7,4,0.633147176,1,1,66.7,7,2.443654951,2,2,33.3,5,2.126558049,1,1,42.8,5,2.509116363,1,2, Hook-turn
5MRC_A:3074-3078_3099-3103,34.7,4,0.475420169,1,1,64.7,7,2.329781582,2,2,37.8,7,3.434653117,1,2,43.6,4,0.725637186,1,2, Hook-turn
3J79_A:3487-3491_3512-3516,33.6,6,4.708848926,1,1,56.9,6,2.188010415,2,1,33,4,2.550077429,1,1,33,4,2.619745711,1,1, Hook-turn
5J7L_DA:2738-2742_2762-2766,34.7,4,0.562688539,1,1,66.7,7,2.337430694,2,2,33.3,5,2.177990776,1,1,42.8,5,2.429507702,1,2, Hook-turn
5J7L_DA:1417-1421_1577-1581,38.3,6,4.380737685,1,2,66.7,7,2.182798157,2,2,33,4,2.444249084,1,1,42.8,5,2.58884164,1,2, Hook-turn
4V8P_D1:1558-1562_1610-1615,33.3,4,0.834287781,1,1,64.9,7,3.085216728,2,2,32.5,5,2.244039077,1,1,41,5,2.470766221,1,2, Hook-turn
4V9F_0:1095-1099_1257-1261,34.7,4,0.567847202,1,1,66.4,6,2.17043638,2,2,33.3,5,2.176309647,1,1,42.8,5,2.495046851,1,2, Hook-turn
4Y4O_2A:2738-2742_2762-2766,35.4,5,0.498186847,1,1,67.4,8,2.348812332,2,2,33.2,6,4.853854675,1,1,43.5,6,2.360808503,1,2, Hook-turn
4IOA_X:1009-1013_1164-1168,33.6,6,4.994399509,1,1,56.9,6,2.365099295,2,1,36.7,8,2.61994312,2,2,35,9,2.737242021,2,2, Hook-turn
3J79_A:1681-1685_1728-1733,33.3,4,0.796491859,1,1,64.9,7,3.079476334,2,2,32.5,5,2.221360843,1,1,41,5,2.43685889,1,2, Hook-turn
4V8P_D1:3092-3096_3116-3120,34.4,5,4.111599547,1,1,54.9,6,2.202098992,2,1,36.8,5,2.04967044,1,2,33.8,3,0.854084646,1,1, Hook-turn
3J7Q_5:2446-2450_2509-2514,33.8,3,0.404508707,1,1,48.5,7,3.297125932,2,1,25.4,8,4.239822258,1,1,33.8,3,0.512770364,1,1, Hook-turn
5TBW_1:1532-1536_1585-1590,34.1,4,0.728472865,1,1,66.1,7,3.230785726,2,2,33.3,5,2.181565991,1,1,42.2,5,2.43845736,1,2, Hook-turn
4IOA_X:2718-2722_2742-2746,35.4,5,0.575922458,1,1,65.4,8,2.426197851,2,2,37.8,7,3.375894536,1,2,44.3,5,0.796013672,1,2, Hook-turn
3J79_A:1295-1299_1456-1460,34.7,4,0.754462188,1,1,66.4,6,2.109762835,2,2,33.3,5,2.140753357,1,1,42.8,5,2.484580382,1,2, Hook-turn
4V9F_0:2773-2777_2797-2801,34.7,4,0.39081528,1,1,66.7,7,2.310487267,2,2,33.3,5,2.151064975,1,1,43.1,6,2.463210697,1,2, Hook-turn
4V8P_D1:1194-1198_1355-1359,34.7,4,0.558268696,1,1,67,6,2.09992707,2,2,33.9,5,2.148650221,1,1,42.8,5,2.470287747,1,2, Hook-turn
3IGI_A:70-74_113-117,40.1,8,0.778876425,2,3,35.1,4,0.170825248,1,1,27.6,6,0.87248106,2,2,35.1,4,0.288580044,1,1, Hook-turn
3J7Q_5:4681-4685_4705-4709,34.4,5,4.130166118,1,1,54.9,6,2.248736486,2,1,36.8,5,2.544873821,1,2,33.8,3,0.869542019,1,1, Hook-turn
4V9F_0:1456-1460_1483-1489,34.4,5,3.360820579,1,1,64.3,9,3.606963632,2,2,37.6,5,2.514846027,1,2,43,4,0.988227608,1,2, Hook-turn
5TBW_1:3103-3107_3127-3131,33.6,6,4.666350715,1,1,57.5,6,2.22269074,2,1,33.6,4,2.631816808,1,1,33,4,2.71116599,1,1, Hook-turn
4V9F_0:2672-2676_2809-2817,71.5,6,1.6151461,2,2,48.8,8,1.964593502,2,3,72.3,8,5.444606264,2,2,82,8,2.329247294,2,3, Hook-turn
4Y4O_2A:998-1002_1153-1157,34.7,4,0.680180049,1,1,67.3,7,2.399599382,2,2,37,7,2.691533298,2,2,42.8,5,2.470838909,1,2, Hook-turn
4WF9_X:1891-1894_1901-1905,7.4,5,3.256787942,1,1,38.1,5,0.976645684,1,2,7.7,6,1.283023279,1,1,7.1,4,1.020203291,1,1, Hook-turn
4V8P_D1:3195-3199_3212-3215,33.7,5,3.255065794,1,1,33,4,2.699452974,1,1,34.6,9,2.773177314,1,2,33.6,7,2.515467817,1,2, Hook-turn
4Y4O_2A:1417-1421_1577-1581,37.9,6,4.438744177,1,2,64.4,6,2.150966465,2,2,37.8,7,3.554839511,1,2,43.6,4,0.740666414,1,2, Hook-turn
4Y4O_2A:1351-1355_1376-1380,34.7,4,0.750722008,1,1,66.7,7,2.328422028,2,2,33.3,5,2.20770066,1,1,42.8,5,2.53487028,1,2, Hook-turn
4IOA_X:1431-1435_1593-1597,46.9,5,1.486148148,2,2,81.4,4,1.307777438,2,2,47.2,5,3.914354342,2,3,46.8,6,5.01215446,2,2, Hook-turn
4V9F_0:2724-2728_2754-2758,57.1,9,3.4141241,2,2,44.7,7,1.063971237,1,3,64.6,9,5.576792303,2,2,66.7,8,2.435304193,2,2, Hook-turn
4Y4O_2A:1469-1473_1518-1523,42.5,6,3.544691228,2,1,38,4,0.815940274,1,2,51.6,8,2.14071427,2,2,51.4,6,2.465791708,2,2, Hook-turn
5J7L_AA:409-416_427-433,28.5,5,4.302918583,1,1,38.1,8,3.928608814,2,2,28.6,8,4.889852704,2,2,26.7,5,4.056434372,1,1, Sarcin-ricin
4V9F_0:2864-2869_2888-2892,34.4,5,4.876101333,1,1,34.2,7,2.464212892,1,1,34.7,4,2.222140384,1,1,33.8,3,2.050208398,1,1, Sarcin-ricin
5MRC_A:279-285_293-298,57.3,10,3.001373483,3,3,200.8,10,0.524393855,5,5,47.2,4,1.198380295,2,2,56.4,5,1.01212108,2,3, Sarcin-ricin
1NBS_B:138-143_165-171,35.9,9,3.026130053,3,1,172.8,11,0.908058428,5,3,38.2,6,2.035235656,2,1,35.8,5,3.132232391,2,2, Sarcin-ricin
3D0U_A:20-27_60-66,47.8,10,3.386017625,3,2,191.9,10,0.582852191,5,4,47.5,5,1.35159918,2,2,46.6,4,0.897717623,2,2, Sarcin-ricin
4V8P_C3:72-78_98-103,36.5,6,0.972541982,2,1,165.5,13,0.851066395,5,4,36.8,8,4.997289664,2,1,45.9,6,0.823887971,2,2, Sarcin-ricin
4IOA_X:165-170_179-185,39.7,7,2.673651953,2,2,183.9,13,0.265082122,5,4,36,4,1.237115023,2,1,45.6,5,0.838618748,2,2, Sarcin-ricin
4IOA_X:2822-2827_2840-2844,34.4,5,2.121419367,1,1,34.6,7,2.420029417,1,1,34.4,5,2.730855678,1,1,33.8,3,2.024783788,1,1, Sarcin-ricin
5TBW_1:32-37_46-52,54.7,9,3.025035075,3,2,137.5,11,0.443923087,4,3,53.2,12,2.88471588,3,2,53.4,5,3.288196982,2,3, Sarcin-ricin
3D2V_A:47-51_64-68,7.4,8,6.674077802,2,1,6.6,4,2.04337659,2,0,10,7,2.540316092,2,2,3.6,4,1.067832731,1,1, Sarcin-ricin
5TBW_1:3332-3337_3367-3371,34.4,5,2.051570292,1,1,34.1,4,2.145361434,1,1,34.7,6,2.70769065,1,1,34.1,4,2.153388395,1,1, Sarcin-ricin
5TBW_1:1444-1450_2354-2359,51.7,11,7.248565213,3,2,205.1,11,0.57044061,5,5,50,10,2.65076932,3,2,56.4,5,1.044157344,2,3, Sarcin-ricin
3J79_A:3724-3729_3759-3763,35.6,6,2.200137379,2,1,35,8,2.683405396,2,1,35.9,5,3.027339371,2,1,35,4,2.104191382,2,1, Sarcin-ricin
5J7L_DA:1263-1269_2011-2016,49.1,9,3.046709241,3,2,204,12,0.889159163,5,5,48,10,2.946753608,3,2,56.4,5,0.949922637,2,3, Sarcin-ricin
5J7L_DA:2847-2852_2865-2869,34.7,5,5.125698401,1,2,42.6,4,3.378083264,1,2,36.4,7,2.289642647,1,2,34.6,5,2.693499121,1,2, Sarcin-ricin
6GAW_BA:641-647_1006-1011,57.3,10,3.170260104,3,3,200.8,10,0.645859908,5,5,47.2,4,1.043500453,2,2,56.4,5,1.030916724,2,3, Sarcin-ricin
3DIL_A:22-30_63-70,47.8,10,3.327033461,3,2,191.6,9,0.361889463,5,4,47.5,5,1.320571053,2,2,46.6,4,0.863180425,2,2, Sarcin-ricin
2GDI_X:59-63_76-80,3.9,5,3.81010589,1,1,3.9,5,1.822862987,1,1,7.6,9,3.948182474,1,2,3.6,4,1.086035737,1,1, Sarcin-ricin
3J79_B:72-78_98-103,37.5,9,2.835205668,3,1,186.9,11,0.55981254,5,4,36.5,7,5.148610656,2,1,45.9,6,0.840110597,2,2, Sarcin-ricin
5J7L_DA:239-245_253-258,51.3,11,7.085669988,3,2,206.2,10,0.571100697,5,5,49.9,11,2.649876939,3,2,56.4,5,0.893673229,2,3, Sarcin-ricin
4V88_A6:1111-1118_1129-1134,58,11,2.95095106,3,3,190.8,9,0.449866797,5,4,47.4,6,2.083960936,2,2,46.8,6,4.303771039,2,2, Sarcin-ricin
3J7Q_5:1522-1526_1648-1655,16.1,9,5.449648984,2,2,35.1,4,0.918504687,1,1,12.8,8,5.070264056,2,3,8.1,4,4.831745129,1,1, Sarcin-ricin
3J7P_S2:1168-1175_1186-1191,62,11,2.93994223,3,3,194.2,9,0.442200717,5,4,50.3,11,2.875628831,3,2,46.8,6,4.301291883,2,2, Sarcin-ricin
5MRC_A:1296-1302_1911-1916,59.3,10,3.20969583,3,3,203.4,10,0.622478014,5,5,48.1,9,2.990624014,3,2,56.4,5,1.03055579,2,3, Sarcin-ricin
1UN6_F:73-78_98-102,46.6,4,1.134419309,2,2,179.5,9,0.642510901,4,5,47.4,6,5.529083565,2,2,57.4,7,1.938541173,2,3, Sarcin-ricin
6GAW_BA:73-79_87-92,49.1,9,2.914125972,3,2,203.7,11,0.498125009,5,5,47.7,9,2.795646775,3,2,56.4,5,0.914681466,2,3, Sarcin-ricin
3J7A_A:1212-1219_1230-1235,47.5,9,2.909705462,3,2,190.4,11,4.315999507,5,4,47.4,6,4.512551547,2,2,46.6,4,0.870410214,2,2, Sarcin-ricin
4V9F_0:158-163_172-178,50.7,9,2.9858171,3,2,197,11,0.196891452,5,4,49.5,11,2.79905147,3,2,55.4,5,3.246368685,2,3, Sarcin-ricin
5TBW_1:82-89_97-103,46.9,5,1.450152812,2,2,180.5,11,0.473575409,5,5,47.2,4,1.355790475,2,2,56.7,6,1.819258735,2,3, Sarcin-ricin
4LFB_A:409-416_427-433,38.7,6,3.945330634,1,2,44.5,7,1.509038725,2,2,28.6,8,4.905043152,2,2,37.2,7,3.374406054,1,2, Sarcin-ricin
4V9F_0:291-295_356-361,46.8,6,2.704427178,2,2,166.9,8,0.770927059,4,4,47.2,4,1.273755585,2,2,53.7,6,2.995218904,2,3, Sarcin-ricin
4LCK_F:16-23_83-90,46.6,4,1.310553298,2,2,176.2,8,0.50238498,4,5,46.6,4,1.4006501,2,2,56.7,6,1.956487923,2,3, Sarcin-ricin
5J7L_DA:1712-1718_1742-1746,46.9,5,2.538289824,2,2,138,8,1.729687048,4,4,47.5,5,1.479990684,2,2,56,5,1.020739073,2,3, Sarcin-ricin
5OOL_A:2307-2313_2674-2679,47.1,9,3.042449667,3,2,201.4,12,0.584973035,5,5,47.2,4,1.139740263,2,2,56.4,5,0.895314593,2,3, Sarcin-ricin
4V9F_0:1367-1373_2052-2057,51,10,3.350429199,3,2,195.7,10,0.691432752,5,4,49.6,10,2.582599314,3,2,46.6,4,0.997058039,2,2, Sarcin-ricin
5J7L_AA:887-894_905-910,57.2,11,3.093400893,3,3,189.6,9,0.397974989,5,4,46.6,6,2.030581451,2,2,46.4,6,4.174484587,2,2, Sarcin-ricin
4MGN_A:14-23_81-91,35.7,5,1.623104578,2,1,154.6,8,0.630660096,4,4,36,6,5.405605485,2,1,45.2,5,0.859884857,2,2, Sarcin-ricin
5MRC_A:228-233_242-248,50.7,9,2.960625772,3,2,206.4,12,0.239818773,5,5,49.5,11,2.758126959,3,2,56.4,5,0.798982671,2,3, Sarcin-ricin
4V8P_D1:30-35_44-50,50.7,9,2.983864723,3,2,195.8,11,0.465655557,5,4,48.9,11,2.804119547,3,2,55.4,5,3.332132703,2,3, Sarcin-ricin
4Y4O_2A:239-245_253-258,48.1,11,7.038036155,3,2,201.1,11,0.478781015,5,5,47.5,5,1.434602787,2,2,56.4,5,0.888308182,2,3, Sarcin-ricin
3J79_A:32-37_46-52,47.6,7,2.255635044,2,4,124.3,11,0.444967874,4,3,47.7,7,2.243573055,2,3,53.4,5,3.210811866,2,3, Sarcin-ricin
3IGI_A:296-303_316-321,46.6,4,1.087050412,2,2,125,9,0.543288379,3,4,47.4,6,5.518926851,2,2,47.2,6,0.921078209,2,2, Sarcin-ricin
5J7L_DA:188-193_202-208,50.7,9,2.939657241,3,2,207.1,13,0.197742195,5,5,49.5,11,2.767478499,3,2,56.8,5,0.832052955,2,3, Sarcin-ricin
5OOL_A:1739-1745_1753-1758,49.1,9,2.836028199,3,2,203.7,11,0.492815321,5,5,47.7,9,2.720330929,3,2,56.4,5,0.935475195,2,3, Sarcin-ricin
4V8P_D1:1470-1476_2349-2354,47.8,8,5.843198708,2,2,183.9,11,0.646269496,5,5,47.2,6,1.606081908,2,2,56.4,5,1.049009729,2,3, Sarcin-ricin
4V9F_0:210-216_224-229,50.7,9,2.9453531,3,2,206.1,11,0.565829386,5,5,49.9,11,2.826008759,3,2,56.4,5,0.860975902,2,3, Sarcin-ricin
4V8P_D1:830-834_956-963,17.3,9,5.013224458,2,2,35.1,4,0.92792976,1,1,13.4,8,5.201101721,2,3,8.7,4,4.752269915,1,1, Sarcin-ricin
4V9F_9:75-81_101-106,47.5,9,2.803559148,3,2,202.4,12,0.740917061,5,5,47.4,6,5.492153757,2,2,57.1,6,0.887380115,2,3, Sarcin-ricin
3J79_A:82-89_97-103,46.9,5,1.464188589,2,2,180.9,11,0.449460364,5,5,47.2,4,1.352097106,2,2,56.7,6,1.840767328,2,3, Sarcin-ricin
3J79_A:1593-1599_2647-2652,47.7,11,7.146450329,3,2,201.1,11,0.521795302,5,5,47.5,5,1.409978837,2,2,56.4,5,1.018177787,2,3, Sarcin-ricin
4V8P_D1:81-87_95-100,48.7,9,3.054592489,3,2,204.2,10,0.444877978,5,5,47.5,5,1.751522103,2,2,56.4,5,0.733677722,2,3, Sarcin-ricin
5TBW_AS:72-80_100-106,60.3,12,7.68394624,3,3,193.6,9,0.745114527,5,4,48.4,10,2.612243546,3,2,46.6,4,1.043859246,2,2, Sarcin-ricin
3J7O_7:71-78_98-104,36.5,6,1.004450233,2,1,167.8,12,0.555298498,5,4,36,4,1.186397765,2,1,46.2,7,1.790842119,2,2, Sarcin-ricin
4IOA_X:216-222_230-235,49.3,11,7.054352297,3,2,204.1,11,0.47322641,5,5,47.9,11,2.5492128,3,2,56.4,5,0.887924772,2,3, Sarcin-ricin
4IOA_X:1276-1282_1994-1999,59.3,10,3.204490936,3,3,154.8,9,0.636015609,5,4,47.5,9,2.948986266,3,2,46.6,4,1.086456359,2,2, Sarcin-ricin
4V5O_BA:1083-1090_1102-1107,54,11,3.012445673,3,2,132.8,9,0.575166012,4,3,42.8,10,2.808782376,3,1,35.6,6,5.252159599,2,1, Sarcin-ricin
4LFB_A:887-894_905-910,58,11,3.046502752,3,3,190.2,9,0.435933712,5,4,47.4,6,2.062190531,2,2,47.2,6,4.159302732,2,2, Sarcin-ricin
3J7Q_5:31-37_44-51,17,5,1.770848755,2,1,74.8,9,0.478327751,3,2,11.4,6,2.636562546,3,1,13.2,3,1.004434273,1,1, Sarcin-ricin
5J7L_DA:674-678_799-806,14.9,12,4.691930131,2,2,35.1,4,0.933490059,1,1,12.8,8,5.28716897,2,3,7.4,5,2.471727918,1,1, Sarcin-ricin
4LFB_A:446-450_483-488,46.6,4,1.332545165,2,2,152.6,10,1.074715404,4,5,47.2,4,1.266029806,2,2,57.1,6,0.762657935,2,3, Sarcin-ricin
4Y4O_2A:2653-2658_2663-2667,46.8,6,2.241356364,2,2,146.3,8,0.419496776,3,5,47.4,6,5.462495126,2,2,57.7,8,2.269558708,2,3, Sarcin-ricin
4V9F_0:2689-2695_2700-2705,48.7,9,3.077011606,3,2,204.2,12,0.830051357,5,5,47.7,7,5.251654411,2,2,57.1,6,0.91722895,2,3, Sarcin-ricin
4V9F_0:567-571_586-591,46.8,6,4.799173053,2,2,145.6,7,0.318200046,3,5,47.5,5,1.293089938,2,2,56.7,6,1.706513807,2,3, Sarcin-ricin
5J7L_DA:2653-2658_2663-2667,46.8,6,2.29634621,2,2,146.3,8,0.368616839,3,5,47.4,6,5.521935434,2,2,57.7,8,2.275157756,2,3, Sarcin-ricin
4V9F_0:765-769_892-899,15.3,9,5.521658382,2,2,23.8,6,3.515606398,2,2,12.4,8,5.17887514,2,3,7.1,4,0.834773125,1,1, Sarcin-ricin
4Y4O_2A:2847-2852_2865-2869,34.7,5,5.132909066,1,2,42.6,4,3.432976539,1,2,36.4,7,2.32443097,1,2,34.6,5,2.661133622,1,2, Sarcin-ricin
4WF9_X:2867-2872_2885-2889,49.7,7,0.982643709,2,2,37.4,8,2.706205212,1,2,38.3,7,3.359578357,1,2,37.7,5,3.402641312,1,2, Sarcin-ricin
4IOA_X:687-691_812-819,14.3,12,4.766301214,2,2,35.1,4,1.057142864,1,1,12.2,8,5.220859618,2,3,7.4,5,2.399708385,1,1, Sarcin-ricin
4WF9_X:719-723_844-851,14.3,12,4.725376656,2,2,35.1,4,0.983435962,1,1,11.4,9,2.828375022,2,3,7.7,6,3.313387544,1,1, Sarcin-ricin
4IOA_X:2632-2637_2642-2646,46.6,4,1.087683592,2,2,176.8,10,0.61876009,4,5,46.8,6,4.080492157,2,2,57.4,7,1.977898557,2,3, Sarcin-ricin
4Y4O_2A:674-678_799-806,15.2,8,3.491349061,2,2,35.1,4,0.923707344,1,1,12.8,8,5.268230196,2,3,7.4,5,2.513198283,1,1, Sarcin-ricin
4WF9_X:2680-2685_2690-2694,35.9,6,0.955281568,2,1,85.5,8,0.387604063,2,4,35.6,6,4.092605578,2,1,46.5,8,2.309049461,2,2, Sarcin-ricin
3K0J_E:59-63_76-80,5.9,5,3.623669678,1,1,5.9,5,1.95118608,1,1,5.9,5,3.621550605,1,1,5.6,4,1.159004634,1,1, Sarcin-ricin
4V9F_0:1147-1154_1213-1216,93.6,9,1.238963241,3,4,47.3,6,2.256448477,2,3,81.6,6,3.056374934,2,2,81.7,5,1.436404515,2,2, Kink-turn
4V8P_D1:1414-1421_1441-1445,109.4,11,0.779564769,3,4,52.9,11,2.774805929,3,2,107,10,2.202331763,3,2,81.7,5,1.93119511,2,2, Kink-turn
4C4W_H:3-7_26-33,107.1,10,0.761050018,3,5,46.8,6,2.166892943,2,2,87,6,1.053511359,2,3,80.9,5,1.401475499,2,2, Kink-turn
5TBW_1:1388-1395_1415-1419,149.1,10,0.762012717,4,4,53.3,11,3.046376047,3,2,106.4,8,0.514560365,3,2,81.4,4,1.828107564,2,2, Kink-turn
3Q3Z_V:16-22_55-58,134.2,9,0.503369853,3,5,46.6,4,1.219217509,2,2,88.1,7,1.202676312,2,3,81.6,6,1.7519788,2,2, Kink-turn
4KQY_A:17-21_31-38,111.5,10,0.786724671,3,4,46.9,5,1.370869645,2,2,92.1,9,2.056677784,3,3,81.4,4,1.605389548,2,2, Kink-turn
4LFB_A:684-688_699-706,53.1,9,1.258533812,4,3,72,5,3.119699451,2,2,47.4,6,1.371839837,3,1,43.3,6,3.29550683,2,2, Kink-turn
4LFB_A:242-247_277-284,63.1,9,1.561373778,2,4,58.7,6,1.996924772,2,2,44.5,9,3.919682095,3,3,38,7,2.198443241,2,2, Kink-turn
3J7A_A:963-968_979-987,80.9,10,1.311996387,3,5,74.9,8,4.006952239,2,3,46.9,5,1.656685314,2,2,53.8,5,3.062686126,2,3, Kink-turn
5J7L_AA:515-521_528-536,34.7,4,1.330220514,1,1,34.4,3,0.26132623,1,1,25.2,4,1.990609929,1,0,34.4,3,0.218449839,1,1, Kink-turn
4V9F_0:77-81_93-100,148.4,13,1.422612872,4,5,52.7,9,2.799993511,3,2,106.2,6,1.129614814,3,2,81.7,5,1.330244801,2,2, Kink-turn
3NVI_F:5-8_15-21,118.7,7,0.681357637,3,3,46.6,4,1.266777962,2,2,90.5,7,1.02455324,2,3,82,6,4.235164145,2,2, Kink-turn
4V88_A6:311-316_348-355,72.7,7,1.219425366,2,4,41.9,7,3.619787973,2,2,34.1,4,1.794015231,1,1,40.6,4,3.830064406,1,2, Kink-turn
4V8P_D1:2152-2157_2168-2175,26.4,6,3.867866164,1,2,7.6,7,4.942376751,2,2,7.1,6,4.011084237,2,1,7.4,5,4.826430496,2,2, Kink-turn
4V8P_D1:1245-1252_1311-1314,62.9,8,1.566852561,2,4,37.4,4,0.864391735,1,2,38.1,5,2.343738341,1,2,38.1,5,1.299681177,1,2, Kink-turn
4IOA_X:81-84_96-102,82.4,9,1.227711071,3,5,67.4,5,2.863984773,2,3,49,4,1.207473115,2,2,55.9,6,2.853318216,2,3, Kink-turn
3SIU_F:33-39_47-50,88.9,6,0.71312951,2,3,46.6,4,1.211136729,2,2,90.1,7,1.205693659,2,3,81.6,6,1.424099109,2,2, Kink-turn
3J7Q_5:2302-2309_2329-2333,64.3,9,0.728184719,2,2,53.9,6,1.962629043,2,1,57.8,10,2.189487494,2,2,37.8,4,1.592688509,1,2, Kink-turn
5TBW_1:1711-1717_1727-1733,126.9,9,0.850778638,4,3,47.2,4,1.08046536,2,2,96.4,10,3.006614588,3,3,81.9,7,3.562693769,2,2, Kink-turn
5J7L_AA:242-247_277-284,38.8,11,1.53876827,2,2,58.9,8,2.255555798,2,2,38,7,1.801152454,2,2,37.7,6,1.935373476,2,2, Kink-turn
3J7Q_5:3660-3665_3677-3684,26.7,7,3.593306672,1,2,5.6,9,5.751132484,2,2,7.9,7,4.154421365,2,3,5.4,5,4.703223788,2,2, Kink-turn
4IOA_X:1221-1228_1247-1251,108.7,9,0.482818659,3,2,53.5,11,2.794207612,3,2,107.7,9,1.698142165,3,2,81.7,5,2.062743591,2,2, Kink-turn
2OZB_C:28-34_42-45,116.8,11,3.504634561,3,4,46.8,6,5.490684157,2,2,90.1,7,1.227006711,2,3,81.6,6,1.378710404,2,2, Kink-turn
3J79_A:2449-2455_2466-2473,26.8,6,3.833719135,1,2,6.4,7,4.954552901,2,2,8.3,7,4.287317979,2,3,6.2,5,4.921241505,2,2, Kink-turn
5J7L_DA:1208-1215_1234-1238,133,11,0.586039148,3,4,52.9,11,2.882927562,3,2,107.1,9,1.715904877,3,2,81.7,5,2.004769394,2,2, Kink-turn
4V8P_D1:1735-1741_1751-1757,122.7,9,1.071385331,4,3,46.6,4,1.144758239,2,2,92.3,7,0.908538908,3,2,81.1,7,3.540005759,2,2, Kink-turn
1RLG_D:5-8_15-21,135.9,7,0.847994062,3,4,46.6,4,1.17782425,2,2,88.5,7,1.022141605,2,3,82,6,4.253226556,2,2, Kink-turn
3J7Q_5:2656-2662_2672-2678,41.7,5,0.649167365,1,2,36,4,1.369192871,2,1,44.8,8,1.683714297,2,2,34.5,4,1.505298747,1,1, Kink-turn
4V88_A6:562-568_575-583,34.7,4,1.277851772,1,1,34.4,3,0.302083289,1,1,25.2,4,1.850095353,1,0,34.4,3,0.199733832,1,1, Kink-turn
4V9F_0:1587-1592_1602-1608,163.5,9,0.572417663,4,4,53,10,2.744533128,3,2,107,10,1.919420223,3,2,81.7,5,1.811783008,2,2, Kink-turn
4V9F_0:1312-1319_1338-1342,135.5,10,0.618122646,4,5,52.9,11,2.761242404,3,2,107,10,2.303743189,3,2,81.7,5,1.907323986,2,2, Kink-turn
3J79_A:1868-1874_1884-1890,146.3,9,0.625202801,4,3,53,10,2.852380212,3,2,109.5,11,2.905279642,3,3,81.9,7,3.5854207,2,2, Kink-turn
4AOB_A:18-21_31-37,99.4,8,0.566409066,2,4,37.4,4,0.925631991,1,2,43.8,6,1.603894058,1,3,37.7,5,1.209913069,1,2, Kink-turn
5TBW_1:2156-2161_2173-2180,26.7,7,3.609123762,1,2,7.6,7,4.904759075,2,2,6.9,6,3.842258171,1,2,7.4,5,4.781485392,2,2, Kink-turn
5TBW_1:1218-1226_1283-1287,72.1,10,1.549904503,4,5,60.2,4,1.016771837,2,2,52.7,7,2.056211252,3,2,48.4,4,1.068510436,2,2, Kink-turn
3J79_A:1536-1543_1563-1567,81.3,10,0.677471721,4,5,37.9,5,1.884587651,2,2,64.4,10,2.356256861,3,2,38.7,5,2.068104766,2,2, Kink-turn
3J7A_A:569-575_582-590,34.7,4,1.18996975,1,1,34.4,3,0.314781847,1,1,25.2,4,1.954716547,1,0,34.4,3,0.26540869,1,1, Kink-turn
4Y4O_2A:1208-1215_1234-1238,133.8,11,0.656146868,3,4,53.5,11,2.884939302,3,2,107.7,9,0.821516325,3,2,81.7,5,2.084365955,2,2, Kink-turn
5J7L_DA:1043-1050_1109-1112,99.8,11,1.464804178,4,5,47.2,4,0.954684323,2,2,85.4,6,1.524314339,3,2,81.4,4,0.968008159,2,2, Kink-turn
3J7A_A:317-322_354-361,70,10,1.637492796,3,4,60.7,6,1.830024279,2,2,40.3,8,1.973012695,2,2,40,7,2.038372383,2,2, Kink-turn
4V88_A6:895-899_910-917,47.1,8,1.373229128,2,4,75.1,6,3.465017976,2,3,46.9,5,1.562660256,2,2,54.1,6,3.553478825,2,3, Kink-turn
3RW6_H:11-18_43-50,75.4,8,1.222733213,2,3,57.3,8,2.3276534,2,2,45,11,2.477500393,2,3,36.3,8,2.596924807,2,2, Kink-turn
5J7L_AA:684-688_699-706,62.9,10,1.406506604,4,4,71.6,5,2.934577873,2,2,47.6,8,3.033935109,3,1,42.9,6,3.107694676,2,2, Kink-turn
1E7K_C:28-34_42-45,107,9,3.591725849,2,4,46.8,6,5.595948629,2,2,88.1,7,1.50382026,2,3,81.6,6,1.4414906,2,2, Kink-turn
3U4M_B:2129-2136_2155-2159,143.3,11,0.737918828,3,5,53.3,9,2.957208304,3,2,107.1,7,0.751181197,3,2,81.7,5,2.01558296,2,2, Kink-turn
4LFB_A:515-521_528-536,34.7,4,1.314936445,1,1,34.4,3,0.293012954,1,1,25.2,4,1.86317533,1,0,34.4,3,0.181866414,1,1, Kink-turn
4LCK_F:6-12_94-97,114.2,11,3.431881313,3,5,46.8,6,5.4314792,2,2,88.1,7,1.218799763,2,3,81.6,6,1.249583821,2,2, Kink-turn
4GXY_A:82-86_139-146,75,11,1.253619251,2,4,59.8,6,1.8361714,2,2,55.2,7,3.62049693,3,3,48.7,5,1.678140392,2,2, Kink-turn
2YGH_A:17-21_31-38,149.8,12,0.359580554,4,6,52.7,9,2.885278185,3,2,105.7,7,1.86751266,3,2,80.9,5,1.964842957,2,2, Kink-turn
4V9F_0:937-940_1026-1033,81.4,4,1.22762707,2,2,47.2,4,1.024931944,2,2,82.6,6,1.950193633,2,2,81.7,5,1.190891108,2,2, Kink-turn
4Y4O_2A:81-85_97-105,119.4,9,1.395198491,3,4,47.4,6,1.734582527,2,2,93.6,8,2.937673301,3,2,81.7,5,1.557000855,2,2, Kink-turn
4V5O_BA:556-562_569-577,34.7,4,1.376509155,1,1,34.4,3,0.512107246,1,1,25.2,4,2.014855647,1,0,34.4,3,0.369270664,1,1, Kink-turn
4WF9_X:1246-1253_1272-1276,66,11,0.686260532,3,4,37.6,4,1.366063047,2,2,64.4,10,2.265577332,3,2,38.7,5,2.082921172,2,2, Kink-turn
3V7E_C:17-21_31-38,177.6,12,0.550193473,4,6,46.9,5,1.553296259,2,2,100.5,7,1.62054576,3,2,81.7,5,1.970822595,2,2, Kink-turn
4WF9_X:81-85_97-104,42.8,11,1.469514647,2,4,41,4,3.285971737,1,2,39.9,7,2.057696243,2,2,41.7,5,3.848621345,1,2, Kink-turn
3NMU_E:14-17_24-30,105.7,6,0.735081488,2,4,46.6,4,1.297888092,2,2,89.3,8,3.460235864,3,3,82,6,4.23254536,2,2, Kink-turn
4GMA_Z:93-97_143-150,96.2,9,1.394921028,3,4,54.4,5,3.300068253,2,3,93.4,6,1.579388468,3,2,88.9,6,3.334746835,2,3, Kink-turn
4BW0_A:3-7_16-23,149.7,13,0.970658337,4,6,54.9,7,2.93677243,2,3,124.1,7,2.074518213,3,3,81.7,5,1.596911128,2,2, Kink-turn
5FJ4_H:3-7_26-33,143.1,13,0.842974008,3,5,54.9,7,2.901802854,2,3,124.7,7,1.915792761,3,3,81.7,5,1.649167212,2,2, Kink-turn
4V5O_BA:302-307_339-346,7.6,8,4.656174602,1,2,8,5,3.311567965,1,2,9,7,4.512492344,1,2,6.2,3,1.343608265,1,1, Kink-turn
5J7L_DA:1798-1804_1813-1821,37.3,8,2.926554108,2,2,60.4,12,2.760084425,3,3,44.8,10,4.829217912,4,2,45.8,7,3.937367003,2,2, Kink-turn
4IOA_X:1789-1795_1805-1813,37.3,8,2.963367817,2,2,54.4,12,2.711502349,3,3,44.4,6,2.913305738,2,2,45.8,7,4.001861079,2,2, Kink-turn
4V9F_0:1854-1859_1870-1877,7.8,5,4.505049835,2,1,27.8,7,3.746522755,1,1,7,5,3.707444846,2,1,7.4,5,4.731070922,2,2, Kink-turn
4Y4O_2A:1798-1804_1813-1821,39.6,9,2.970346829,2,2,52.3,8,0.94738125,2,1,26.8,6,2.841574033,2,1,35.1,4,0.323220449,1,1, Kink-turn
5MRC_A:1705-1711_1721-1729,27.6,4,2.083715534,2,0,40.5,8,1.110202403,2,1,25.8,6,1.986640931,2,0,24.2,2,0.127031744,1,0, Kink-turn
4WF9_X:1825-1831_1840-1848,38.2,5,1.776247714,2,1,54.3,8,0.895028519,2,1,26.4,4,1.767629012,2,0,34.4,3,0.220079904,1,1, Kink-turn
5J7L_AA:1416-1419_1481-1484,81.7,5,1.512089946,2,2,65.9,7,3.44264728,2,4,81.7,5,1.600415894,2,2,91.9,6,0.809964983,2,3, Tandem-shear
4V88_A6:1669-1672_1729-1732,81.2,6,4.713513301,2,2,56.6,7,5.081144852,2,3,81.5,7,1.146378072,2,2,90.4,5,0.798432275,2,3, Tandem-shear
5J7L_DA:2467-2470_2480-2483,80.6,4,0.790335408,2,2,56.4,5,0.838365134,2,3,80.6,4,0.855099501,2,2,90.7,6,1.096008813,2,3, Tandem-shear
4V88_A6:186-189_196-199,81.2,6,2.220038382,2,2,46.6,4,0.736481818,2,2,81.1,7,3.735505596,2,2,81.2,6,0.731056587,2,2, Tandem-shear
5TBW_1:725-728_741-745,45.5,8,2.99415543,2,2,43.2,5,2.312283528,1,2,44.8,7,2.175608741,2,1,54.7,7,2.071936422,2,2, Tandem-shear
4LFB_A:1416-1419_1481-1484,82,6,2.650315322,2,2,56.8,5,0.530912183,2,3,82,6,1.722766761,2,2,91.9,6,0.616749936,2,3, Tandem-shear
5J7L_DA:536-539_554-557,82,6,2.34793535,2,2,56.8,5,0.702098903,2,3,82,6,1.461825527,2,2,91.9,6,0.700323609,2,3, Tandem-shear
3J7A_A:1966-1969_2021-2024,80.9,5,0.934602689,2,2,56.7,6,1.205397997,2,3,81.2,6,1.084047404,2,2,90.4,5,0.85666909,2,3, Tandem-shear
5J7L_DA:2350-2353_2364-2367,81.7,5,2.11525421,2,2,65.2,6,3.076799267,2,4,81.7,5,1.272727498,2,2,91.4,7,0.79474525,2,3, Tandem-shear
4V9F_0:2502-2505_2515-2518,80.6,4,0.913876332,2,2,56.4,5,0.785106153,2,3,80.6,4,0.988881855,2,2,90.7,6,0.95288296,2,3, Tandem-shear
2R8S_R:112-116_205-208,80.1,5,1.33128351,2,2,46.3,7,4.940446201,2,2,80.7,7,1.147476211,2,2,80.6,8,4.113759112,2,2, Tandem-shear
5MRC_A:2617-2620_2631-2634,80.1,5,1.111067803,2,2,64,6,3.215140316,2,4,80.1,5,1.333614861,2,2,89.9,6,0.556133951,2,3, Tandem-shear
4WFL_A:73-76_91-94,81.4,4,0.831233855,2,2,56.4,5,0.63679557,2,3,81.4,4,0.946876309,2,2,91.5,6,0.896409048,2,3, Tandem-shear
4V5O_BA:1640-1643_1682-1685,80.9,5,0.969559931,2,2,55.8,5,3.225154248,2,3,81.5,7,5.034321448,2,2,90,5,0.823595235,2,3, Tandem-shear
3J7P_S2:1733-1736_1798-1801,82,6,4.8319159,2,2,56.6,7,5.272442884,2,3,82.3,7,1.164051758,2,2,91.2,5,0.9163736,2,3, Tandem-shear
3D0U_A:16-19_67-70,81.7,5,2.491867733,2,2,56.4,5,0.714258572,2,3,81.7,5,1.375018161,2,2,91.2,5,0.603058273,2,3, Tandem-shear
1U6B_B:56-59_85-88,80.4,6,3.963071215,2,2,46.4,6,5.384644096,2,2,80.4,6,1.262385575,2,2,80.4,6,0.763081645,2,2, Tandem-shear
3IGI_A:172-175_190-194,80.9,5,1.485266179,2,2,55.5,6,1.083044174,2,3,81.4,8,4.727239151,2,2,90,5,0.751210291,2,3, Tandem-shear
3J7Q_5:1431-1434_1450-1453,82,6,4.894036443,2,2,56.6,7,5.232062653,2,3,81.7,5,1.189514634,2,2,91.4,7,0.774692575,2,3, Tandem-shear
4V8P_D1:2824-2827_2837-2840,80.6,4,0.84248421,2,2,56.4,5,0.995506075,2,3,80.6,4,0.852442143,2,2,90.7,6,1.230246475,2,3, Tandem-shear
3DIL_A:19-22_70-73,81.7,5,3.4402109,2,2,64.6,6,3.119336801,2,4,81.7,5,2.23976876,2,2,91.2,5,0.796096368,2,3, Tandem-shear
4LFB_A:1431-1435_1466-1469,57.2,7,5.918784084,2,1,47.5,6,0.790777559,1,3,56.9,6,2.211340984,2,1,66.6,8,2.259372441,2,2, Tandem-shear
4Y4O_2A:2350-2353_2364-2367,81.7,5,2.051720358,2,2,65.2,6,3.03323737,2,4,81.7,5,1.186432461,2,2,91.4,7,0.738881355,2,3, Tandem-shear
4IOA_X:2329-2332_2343-2346,81.7,5,1.957292976,2,2,65.2,6,3.114965279,2,4,81.7,5,1.042528152,2,2,91.4,7,0.899580105,2,3, Tandem-shear
4V8P_D1:125-128_138-141,80.1,5,1.321033723,2,2,55.2,5,0.683775248,2,3,80.1,5,1.401558343,2,2,90.1,8,1.11293387,2,3, Tandem-shear
4V5O_BA:37-40_458-462,74.9,6,1.12308852,2,2,51.7,7,1.856346289,2,3,75.5,8,5.051652753,2,2,84.4,6,1.756736897,2,3, Tandem-shear
4V9F_0:2873-2876_2881-2884,81.7,5,2.895812773,2,2,65.2,6,3.298518403,2,4,81.7,5,1.831756073,2,2,91.4,7,1.63456605,2,3, Tandem-shear
4IOA_X:1491-1494_1530-1533,46.1,5,1.992505653,2,2,76.2,5,0.914351027,2,3,46.1,5,1.627538522,2,2,55.4,7,0.822889101,2,3, Tandem-shear
5J7L_DA:1526-1529_1542-1546,58,7,2.164242514,2,2,51.6,6,3.518162772,1,3,56.6,5,2.448472652,2,1,66.6,8,2.489246177,2,2, Tandem-shear
5AOX_C:58-61_105-108,81.7,5,1.480289569,2,2,65.9,7,3.477650632,2,4,81.7,5,1.570079571,2,2,91.9,6,0.577737388,2,3, Tandem-shear
4XWF_A:7-10_36-39,81.7,5,2.319855152,2,2,57.1,6,0.59576315,2,3,81.7,5,1.37992342,2,2,91.9,6,0.408868106,2,3, Tandem-shear
5BTP_B:12-15_41-44,81.2,6,2.482426801,2,2,46.6,4,0.72187258,2,2,81.1,7,4.140793137,2,2,81.2,6,0.584729263,2,2, Tandem-shear
4V8P_D1:571-574_594-598,81.5,7,5.094285743,2,2,46.8,6,5.497235001,2,2,81.5,7,1.489287518,2,2,80.6,4,0.835358383,2,2, Tandem-shear
5J7L_DA:1864-1867_1874-1878,47.5,7,5.207518869,2,2,81.7,5,0.929506464,2,2,47.8,8,1.189552437,2,2,46.6,4,0.974307049,2,2, Tandem-shear
4V88_A6:1653-1656_1744-1747,81.7,5,2.730870957,2,2,65.2,6,2.858772096,2,4,81.7,5,1.566232995,2,2,91.4,7,1.010096338,2,3, Tandem-shear
4V8P_D1:3043-3048_3073-3077,43.9,7,3.034221925,2,4,70.1,8,1.513401646,2,3,43.3,8,1.723461963,2,2,48.8,7,1.892999628,2,3, Tandem-shear
4V8P_D1:162-165_254-257,81.2,6,2.446395197,2,2,46.6,4,0.705957616,2,2,81.1,7,3.907689245,2,2,81.2,6,0.721322495,2,2, Tandem-shear
4WF9_X:2377-2380_2391-2394,81.7,5,2.105454237,2,2,65.2,6,3.082945166,2,4,81.7,5,1.184915998,2,2,91.4,7,0.698821057,2,3, Tandem-shear
4V8P_D1:2993-2996_3128-3133,76.5,6,2.529548219,2,2,53.2,8,1.788818087,2,3,76.8,7,2.516083804,2,2,86.7,7,1.663630507,2,3, Tandem-shear
4WF9_X:581-584_597-600,81.7,5,2.162509663,2,2,46.6,4,0.776469967,2,2,81.7,5,1.143327821,2,2,81.4,4,0.753219624,2,2, Tandem-shear
4V8P_D1:3300-3303_3316-3319,81.6,6,4.143871222,2,2,56.4,5,1.271562567,2,3,81.4,4,1.759506961,2,2,91.2,5,1.141167884,2,3, Tandem-shear
4KZD_R:11-14_71-74,80.1,5,1.275269779,2,2,55.3,6,3.719156034,2,3,80.1,5,1.392252489,2,2,90.1,8,0.950614327,2,3, Tandem-shear
4V8P_D1:475-479_499-502,67.4,6,2.748769463,2,2,54.9,8,4.67999409,2,3,67.7,7,1.178048616,2,2,76.4,7,4.040267108,2,3, Tandem-shear
4WF9_X:1461-1465_1624-1627,5.9,7,5.072009837,2,1,13.6,6,4.290573765,2,0,6.9,6,4.004236544,2,2,5.6,6,5.21307664,2,1, Tandem-shear
1KOG_O:74-76_96-100,7,4,4.131034646,2,0,23.8,4,2.09817645,2,0,14.3,4,1.063941356,1,2,3.9,3,0.801292021,0,1, C-loop
4V9F_0:958-963_1005-1008,5.6,3,4.908053952,2,0,25.5,5,2.277577132,2,0,5.5,6,5.864572966,1,1,3.6,2,1.058099156,1,0, C-loop
5MRC_A:787-791_835-838,4.2,6,4.266674204,1,1,12.5,3,1.990409745,1,0,3.8,4,2.247183946,1,0,3.2,2,1.062117193,1,0, C-loop
5J7L_DA:864-868_909-912,5.6,3,4.819898111,2,0,25.8,4,2.327087776,2,0,3.6,5,5.090020452,1,1,3.2,2,0.704065588,1,0, C-loop
3J7Q_5:1732-1737_1792-1797,34.1,4,1.325456308,1,1,103.7,8,0.617923874,3,2,34.1,4,1.179228714,1,1,33.8,3,0.834257815,1,1, C-loop
4Y4O_2A:858-862_915-919,47.5,7,6.297941432,2,2,128.5,6,0.417541436,3,3,47.8,6,1.550271384,2,2,46.9,5,1.955008384,2,2, C-loop
3J7P_S2:1214-1217_1681-1685,6,4,4.510749529,2,0,26.2,4,2.392735536,2,0,6,4,4.504170447,2,0,3.5,3,1.715157057,1,0, C-loop
4Y4O_2A:1319-1323_1331-1333,5.6,3,4.883398154,2,0,25.8,4,2.191786974,2,0,4.1,6,3.637742323,1,1,3.3,4,5.855003325,1,1, C-loop
4V8P_D1:1025-1030_1072-1075,24.9,3,1.595074703,1,0,24.6,2,1.248276775,1,0,26.5,6,5.845772582,1,1,24.6,2,1.472193155,1,0, C-loop
4V5O_BA:1130-1132_1589-1593,3.9,4,2.814610509,1,1,12.2,2,1.22619899,1,0,4.2,5,2.323757328,1,1,3.5,3,2.162907488,1,0, C-loop
4Y4O_2A:864-868_909-912,5.6,3,4.806619393,2,0,25.8,4,2.368598829,2,0,5.5,6,5.730382164,1,1,3.6,2,1.195424169,1,0, C-loop
5TBW_1:999-1004_1046-1049,4.2,6,4.412056609,1,1,12.5,3,2.094246829,1,0,3.8,4,4.382051429,1,0,3.2,2,0.867349291,1,0, C-loop
5J7L_DA:857-862_915-920,47.5,7,6.359824356,2,2,128.5,6,0.466454427,3,3,47.8,6,1.621528183,2,2,46.9,5,2.042249479,2,2, C-loop
4V9F_0:952-956_1011-1015,35.9,7,6.226716174,2,1,110.4,7,1.377876323,3,2,36.2,6,1.652418522,2,1,35.3,5,1.951569124,2,1, C-loop
4V9F_0:1425-1429_1437-1439,5.6,3,4.754863621,2,0,25.8,4,2.211351365,2,0,3.9,4,1.282193927,1,1,3.3,4,6.015793734,1,1, C-loop
4IOA_X:877-881_921-924,5.6,3,4.749167092,2,0,25.8,4,2.56469272,2,0,5.5,6,5.72874674,1,1,3.6,2,1.252265505,1,0, C-loop
4V8P_D1:1018-1023_1078-1083,35.3,5,1.190508256,2,1,109.7,8,1.521612274,3,2,35.3,5,1.22525576,2,1,35.3,5,1.844960806,2,1, C-loop
3J79_A:1114-1119_1175-1180,35.9,7,6.372027605,2,1,110.1,6,0.481388773,3,2,36.2,6,1.733506164,2,1,35.3,5,2.126747585,2,1, C-loop
4V9F_0:2717-2721_2761-2763,5.6,3,4.760598132,2,0,23.8,4,2.223666025,2,0,14.3,4,1.365520638,1,2,3.6,2,0.347245363,0,1, C-loop
3J7A_A:1258-1261_1914-1918,6.6,4,4.362811403,2,0,26.2,4,2.335825148,2,0,6.6,4,4.330831462,2,0,3.5,3,1.980189393,1,0, C-loop
4V88_A6:1157-1160_1617-1621,6.6,4,4.383731228,2,0,26.6,3,2.711496961,2,0,6.6,4,4.349575267,2,0,3.5,3,2.008260228,1,0, C-loop
4IOA_X:871-875_927-931,47.5,7,6.349101652,2,2,128.5,6,0.412162216,3,3,47.8,6,1.654566634,2,2,46.9,5,1.982797688,2,2, C-loop
4V8P_D1:469-470_507-510,7.2,5,3.873690099,1,1,6.6,3,1.256734062,1,1,6.6,3,1.222181282,1,1,6.6,3,1.048416409,1,1, C-loop
5J7L_AA:597-598_640-643,3.2,2,2.586968281,1,0,23.8,2,0.362824897,1,0,3.2,2,2.787700006,1,0,3.5,3,3.116881425,1,0, C-loop
4Y4O_2A:2680-2684_2725-2727,5.6,3,4.810578584,2,0,23,3,2.206976241,1,0,14.3,4,1.531700936,1,2,3.6,2,0.39239134,0,1, C-loop
4JRC_B:29-33_73-75,5.6,3,4.852045103,2,0,23,3,2.257844803,1,0,14.3,4,1.396053953,1,2,3.6,2,0.383857155,0,1, C-loop
5J7L_DA:1846-1849_1893-1894,3.5,3,3.203619443,1,0,24,4,3.665594319,1,0,3.5,3,3.06414374,1,0,3.2,2,3.58911477,1,0, C-loop
5FDV_1B:30-31_51-54,6.4,3,3.737363309,2,0,26.6,3,1.053052352,2,0,3.9,3,2.932052824,1,0,3.6,2,1.453570424,1,0, C-loop
4V88_A6:746-747_802-805,3.5,3,4.610434778,1,0,23.8,2,0.37608736,1,0,10.1,3,4.872014124,1,0,3.2,2,3.625377489,1,0, C-loop
4V8P_D1:457-462_516-521,25.5,5,0.874155308,1,0,26.4,4,2.539648532,1,1,25.7,7,2.011329341,1,0,24.9,3,0.369461499,1,0, C-loop
4IOA_X:1332-1336_1344-1346,4.7,5,3.009649252,1,0,4.5,3,1.776166285,1,0,5.1,6,3.582680529,1,1,4.2,2,0.651748712,1,0, C-loop
4LFB_A:597-598_640-643,6.4,3,4.044209587,2,0,26.9,4,5.503370074,2,0,10.2,2,0.378502147,1,0,3.5,3,3.087207803,1,0, C-loop
1I6U_C:12-13_24-27,3.2,2,2.615922332,1,0,23.8,2,0.407185643,1,0,3.2,2,2.819925385,1,0,3.5,3,3.151106396,1,0, C-loop
4V9F_9:29-30_50-53,6.4,3,3.73519152,2,0,26.6,3,1.105961654,2,0,4.1,5,3.800549523,1,0,3.2,2,3.465519116,1,0, C-loop
4WF9_X:909-913_954-957,5.6,3,4.933320426,2,0,25.8,4,2.338081919,2,0,5.5,6,5.762907196,1,1,3.6,2,1.256165979,1,0, C-loop
1U9S_A:136-139_161-162,4.1,5,1.318018241,1,0,3.4,4,2.539236287,1,0,3.5,3,1.579776326,1,0,3.8,4,0.696932502,1,0, C-loop
4MGN_A:29-33_73-75,5.6,3,4.979036153,2,0,23,3,1.984463927,1,0,14.3,4,1.190425335,1,2,3.6,2,0.286026445,0,1, C-loop
5J7L_DB:30-31_51-54,6.4,3,3.676993286,2,0,26.6,3,1.049692427,2,0,3.9,3,2.850257444,1,0,3.6,2,1.575443502,1,0, C-loop
4LFB_A:371-375_389-390,3.5,3,1.194595464,1,0,12.2,2,1.735308966,1,0,3.7,5,1.328986844,1,0,3.2,2,0.578755673,1,0, C-loop
4WF9_X:2707-2711_2752-2754,5.6,3,4.827633726,2,0,23,3,2.134307664,1,0,14.3,4,1.354325509,1,2,3.6,2,0.368922765,0,1, C-loop
4IOA_X:2659-2663_2705-2707,5.6,3,4.778326108,2,0,23,3,2.129989968,1,0,14.6,5,3.398700043,1,2,3.9,3,5.217062757,0,1, C-loop
4V8P_C3:28-29_48-51,3.9,3,2.758188021,1,0,23,3,2.535097798,1,0,3.9,3,2.801028849,1,0,3.6,2,1.510072873,1,0, C-loop
4IOA_X:1838-1841_1876-1877,3.9,3,2.723531711,1,0,23.2,5,4.408041391,1,0,3.9,3,2.766510179,1,0,3.6,2,1.916688999,1,0, C-loop
4IOA_X:1035-1041_1135-1150,36.5,6,1.706000673,2,1,48.6,4,0.428636001,2,0,38.2,6,1.743050206,2,1,45.1,6,2.008278497,2,2, reverse-Kink-turn
4Y4O_2A:1024-1030_1124-1140,36.5,6,1.708976935,2,1,48.9,5,0.698773858,2,0,38.2,6,1.73435862,2,1,45.1,6,2.039420742,2,2, reverse-Kink-turn
3J79_A:1323-1333_1427-1441,36.2,5,1.779773208,2,1,69.4,11,8.08127181,3,0,38.2,6,1.834389234,2,1,44.8,5,2.150367146,2,2, reverse-Kink-turn
5J7L_DA:1024-1030_1124-1140,36.9,6,1.759557011,2,1,69.8,11,7.745700296,3,0,38.2,6,1.791635813,2,1,45.5,6,2.087272691,2,2, reverse-Kink-turn
4V8P_D1:1222-1232_1326-1340,36.2,5,1.598041616,2,1,69.4,11,8.602485298,3,0,38.2,6,1.65834513,2,1,44.8,5,2.017611394,2,2, reverse-Kink-turn
3J7Q_5:1934-1944_2038-2052,37.6,5,1.920308082,2,1,71.4,11,7.535943577,3,0,26.6,6,1.901043074,2,0,33.8,3,0.548294471,1,1, reverse-Kink-turn
5MRC_A:950-957_1091-1105,36.2,5,1.782272979,2,1,58,13,8.310619457,3,0,38,4,1.739467783,2,1,44.8,5,2.097711809,2,2, reverse-Kink-turn
4K27_U:19-23_34-37,7.6,4,5.037215453,2,1,34.8,3,0.782514554,1,1,15.3,6,5.375342487,1,2,6.8,3,0.950790909,1,1, Tetraloop-receptor
6CHR_A:518-521_532-536,4.7,5,4.693642585,1,1,39.8,4,5.231884196,1,2,15.4,5,1.97533763,1,2,3.6,2,0.974403456,0,1, Tetraloop-receptor
3T4B_A:2-5_19-20,6.6,4,3.081803787,1,1,23.8,2,0.562744775,1,0,7,4,2.6912394,1,1,4,4,3.8994126,1,1, Tetraloop-receptor
3IGI_A:334-335_346-349,4.1,5,3.27772585,0,1,23.8,2,0.451170693,1,0,3.2,2,3.32091164,1,0,3.2,2,3.632082347,1,0, Tetraloop-receptor
6CHR_A:164-167_306-310,6.8,4,3.528689003,1,3,42,4,3.132818175,1,2,15.4,5,1.798296326,1,2,6.8,5,1.343888267,1,2, Tetraloop-receptor
2R8S_R:223-227_247-250,7.6,4,5.069845342,2,1,34.8,3,0.71072809,1,1,15.3,6,5.612077745,1,2,6.8,3,0.93607899,1,1, Tetraloop-receptor
4PCJ_A:8-11_27-28,6.6,4,3.02247199,1,1,23.8,2,0.468920908,1,0,7,4,2.684224952,1,1,4,4,3.822299126,1,1, Tetraloop-receptor
1U6B_B:61-65_80-83,7.6,4,4.82874829,2,1,34.8,3,0.651052895,1,1,15.3,6,5.988465401,1,2,6.8,3,0.928834305,1,1, Tetraloop-receptor
5DCV_D:5-6_45-48,12,4,5.99110013,1,0,23.8,2,0.51257806,1,0,12.1,3,0.956776728,1,0,11.8,2,0.827558318,1,0, Tetraloop-receptor
4LFB_A:774-778_804-805,4.5,5,1.702019,0,1,3.8,4,0.820333851,0,1,3.6,2,1.025343794,1,0,3.7,5,4.116896072,0,1, Tetraloop-receptor
5BTM_A:19-23_34-37,7.6,4,5.074008206,2,1,34.8,3,0.780397824,1,1,15.3,6,5.484044315,1,2,6.8,3,0.947226137,1,1, Tetraloop-receptor
1NBS_B:146-150_159-162,6.4,3,4.864099592,1,1,30.6,3,1.130888632,1,1,6.2,6,5.596839659,1,1,3.4,3,5.167645482,1,1, Tetraloop-receptor
1U6B_B:147-150_162-163,6.6,4,2.933466982,1,1,23.8,2,0.490351866,1,0,7,4,2.612714981,1,1,4,4,3.724903985,1,1, Tetraloop-receptor
5T83_A:16-19_40-41,4.4,4,4.126587273,1,0,28.4,3,3.000143508,2,0,4.6,2,1.613587695,1,0,4.2,2,0.97849017,1,0, Tetraloop-receptor
5U3G_B:10-13_28-29,4.4,4,4.087294575,1,0,28.4,3,2.988141089,2,0,4.6,2,1.595819085,1,0,4.2,2,0.953415332,1,0, Tetraloop-receptor
3Q1Q_C:32-35_44-48,6.8,4,3.581302614,1,3,42,4,3.126188995,1,2,15.4,5,1.97814909,1,2,6.8,5,1.3998309,1,2, Tetraloop-receptor
1KXK_A:15-19_54-57,7.6,4,5.378166957,2,1,34.8,3,0.63655251,1,1,15.3,6,5.548631331,1,2,6.8,3,0.757563135,1,1, Tetraloop-receptor
4WZJ_XXX:46-49_56-60,6.8,4,3.479049755,1,3,42,4,3.077747419,1,2,15.4,5,2.0072659,1,2,6.8,5,1.347543863,1,2, Tetraloop-receptor
4V88_A6:550-557_587-588,3.5,3,2.445860342,1,0,24.1,3,0.735243594,1,0,3.8,4,2.720667368,1,0,3.2,2,3.746828333,1,0, Rope-sling
4V8P_D1:1200-1207_1352-1353,3.8,4,0.873034768,0,1,24.1,3,0.835101833,1,0,3.5,3,1.050115485,0,1,3.5,3,1.307916906,0,1, Rope-sling
3J7A_A:557-564_594-595,3.8,4,1.186282023,0,1,24.1,3,0.847470304,1,0,3.8,4,2.622593647,1,0,3.5,3,1.196763627,0,1, Rope-sling
4IOA_X:1015-1022_1161-1162,3.6,2,0.94624109,0,1,24.1,3,0.816244126,1,0,3.6,2,0.791663172,0,1,3.6,2,1.554094581,0,1, Rope-sling
5J7L_DA:1004-1011_1150-1151,3.8,4,1.016185319,0,1,24.1,3,0.79803927,1,0,3.9,6,5.044352875,1,1,3.5,3,5.445568758,0,1, Rope-sling
3J7Q_5:1911-1920_2063-2065,6.5,4,2.531050613,1,1,7.1,6,1.376706496,1,2,22.3,6,3.591809191,1,2,7.1,6,1.576554435,1,2, Rope-sling
4V9F_0:1101-1108_1254-1255,3.8,4,0.966943282,0,1,24.1,3,0.870745844,1,0,3.8,4,5.362966275,1,1,3.5,3,5.379654364,0,1, Rope-sling
4V5O_BA:543-550_581-582,3.5,3,2.392543917,1,0,24.1,3,0.831343367,1,0,3.8,4,2.707376198,1,0,3.2,2,3.719270223,1,0, Rope-sling
4WF9_X:1048-1055_1194-1195,3.6,2,1.048178336,0,1,24.1,3,0.832602338,1,0,3.6,2,0.925973662,0,1,3.6,2,1.512074907,0,1, Rope-sling
5J7L_AA:504-511_540-541,3.9,3,0.897913032,0,1,24.1,3,0.833677991,1,0,3.5,3,2.259905474,1,0,4.2,4,1.372690322,0,1, Rope-sling
4LFB_A:504-511_540-541,4.2,4,1.381872482,0,1,24.1,3,0.732729294,1,0,3.5,3,2.424053816,1,0,4.2,4,1.37461597,0,1, Rope-sling
1MZP_B:20-23_32-45,38.1,7,5.599585323,1,2,56.3,6,5.98258855,2,1,34.2,3,1.854298655,1,1,44.4,4,0.397551139,1,2, L1-complex
5J7L_DA:82-85_97-104,62.4,11,2.862753862,3,3,40.2,5,2.934765421,2,0,34.1,4,1.569553244,1,1,33.8,3,0.512527271,1,1, L1-complex
3U4M_B:2124-2127_2161-2174,34.2,3,1.759922987,1,1,56.3,6,6.332088033,2,1,34.2,3,1.836800112,1,1,34.5,4,0.537635143,1,1, L1-complex
1U63_D:10-13_33-40,50.3,11,2.547777868,2,2,44.6,6,4.667887283,1,2,34.8,3,1.818354608,1,1,44.4,4,0.373936749,1,2, L1-complex
2VPL_B:10-13_33-40,34.2,3,1.814541108,1,1,34.4,5,4.538189917,1,1,34.2,3,1.877146922,1,1,34.5,4,0.525454064,1,1, L1-complex
2GDI_X:20-21_38-45,7,5,4.175711559,1,1,34.6,5,3.513160591,1,1,7.9,5,4.639851584,1,2,6.7,5,4.735864763,1,2, T-loop
